id,Name,Type,Cuisine,Address,District,Rating,Average
BT_0001,Pha_Lau_Bo_Dinh_Cao_-_Ma_Lo,Restaurant,Vietnamese,"232B_Ma_Lo,_P._Binh_Tri_Dong_A",Binh_Tan,5,16000
BT_0002,Banh_Trang_Co_Vuong,Restaurant,Vietnamese,"29/41_Nguyen_Hoi,_P._An_Lac",Binh_Tan,4.95,19000
BT_0003,An_Vat_Vinh_To,Restaurant,Vietnamese,"7_Duong_So_26,_P._Binh_Tri_Dong_B",Binh_Tan,3.05,46500
BT_0004,Yellow_Tea_-_Tra_Sua_Nha_Lam,Cafe,Vietnamese,"486A_Ho_Hoc_Lam,_P._An_Lac",Binh_Tan,4,21000
BT_0005,Ruby_-_Yaourt_Sua_Tuoi_&_Kho_Ga_La_Chanh_-_Restaurant_-_Duong_So_5B,Restaurant,Vietnamese,"81D_Duong_So_5B,_P._Binh_Hung_Hoa_A",Binh_Tan,4.6,82000
BT_0006,Goi_Cuon_Co_Bay_-_Ten_Lua,Restaurant,Vietnamese,"62_Ten_Lua,_P._An_Lac_A",Binh_Tan,3.7,9500
BT_0007,Eisroma_-_Italian_Ice_Cream,Cafe,Vietnamese,"263_-_265_Vanh_Dai_Trong,_P._Binh_Tri_Dong_B",Binh_Tan,4.2,47000
BT_0008,Panda_BBQ_-_Quan_Thit_Nuong_Da_Lat_-_Duong_So_7,Bistro,Vietnamese,"68_Duong_So_7,_P._Binh_Tri_Dong_B",Binh_Tan,3.4,77500
BT_0009,Tra_Sua_Co_3,Cafe,Vietnamese,"332_Ma_Lo,_P._Binh_Tri_Dong_A",Binh_Tan,4.55,17500
BT_0010,2_Map_-_Tra_Sua_&_An_Vat,Restaurant,Vietnamese,"1_Bui_Tu_Toan,_P._An_Lac_(Doi_Dien_Hem_36_Bui_Tu_Toan)",Binh_Tan,5,15000
BT_0011,Oc_Ngam,Bistro,Vietnamese,"199_Tran_Thanh_Mai,_KP._3,_P._Tan_Tao_A",Binh_Tan,4.5,127000
BT_0012,A_Tan_-_Tra_Sua_&_An_Vat,Cafe,Vietnamese,"313/66_Tinh_Lo_10,_P._An_Lac_A",Binh_Tan,4.65,12500
BT_0013,"Kumoi_-_Lau,_Nuong_&_Mi_Cay_Han_Quoc",Restaurant,Korean,"92_Duong_So_7,_P._Binh_Tri_Dong_B",Binh_Tan,3.7,52000
BT_0014,Thu_Sai_Gon_-_Tiem_Banh_Mi,Restaurant,Vietnamese,"158_Duong_So_1,_P._Binh_Tri_Dong",Binh_Tan,3.35,12500
BT_0015,Nhim_Nhim_-_Tra_Sua_&_An_Vat,Restaurant,Vietnamese,"52_Duong_So_19,_P._Binh_Tri_Dong_B",Binh_Tan,4.85,22500
BT_0016,Tra_Sua_72,Cafe,Vietnamese,"72_Mieu_Go_Xoai,_P._Binh_Hung_Hoa_A",Binh_Tan,3.85,17500
BT_0017,Tiem_Banh_My_My,Bakery,Vietnamese,"60_Duong_So_17,_P._Binh_Tri_Dong_B",Binh_Tan,3.75,20000
BT_0018,Dua_Tuoi_&_Rau_Cau_Dua_642,Cafe,Vietnamese,"642_Tinh_Lo_10,_P._Binh_Tri_Dong",Binh_Tan,3.8,22500
BT_0019,Tra_Sua_Giam_Beo_Memories,Cafe,Vietnamese,"41_Pham_Dang_Giang,_P._Binh_Hung_Hoa",Binh_Tan,4.9,17500
BT_0020,Tra_Sua_360,Restaurant,Vietnamese,"360_Ap_Chien_Luoc,_P._Binh_Hung_Hoa_A",Binh_Tan,3.6,8500
BT_0021,Lau_&_Nuong_Van_Loi,Bistro,Vietnamese,"457/13_Le_Van_Quoi,_P._Binh_Tri_Dong_A",Binh_Tan,4.15,152500
BT_0022,Huu_Vy_-_Coffee_&_Milk_Tea,Cafe,Vietnamese,"632A_Huong_Lo_2,_P._Binh_Tri_Dong_A",Binh_Tan,4.2,12500
BT_0023,Nha_Cun_An_Vat_-_Restaurant,Restaurant,Vietnamese,"276/29/12A_Ma_Lo,_P._Binh_Tri_Dong_A",Binh_Tan,4.3,42500
BT_0024,Banh_Xeo_Mien_Trung_-_Kinh_Duong_Vuong,Bistro,Vietnamese,"462_Kinh_Duong_Vuong,_P._An_Lac",Binh_Tan,3.3,5000
BT_0025,Quan_Co_Binh_-_Ha_Cao_&_Sup_Cua,Restaurant,Vietnamese,"2D_Duong_So_5F,_P._Binh_Hung_Hoa_A",Binh_Tan,4,10000
BT_0026,Sam_Bi_Dao_Miki_-_Duong_So_1,Cafe,Vietnamese,"130_Duong_So_1,_P._Binh_Tri_Dong_B",Binh_Tan,4.15,11500
BT_0027,Ma_6_-_Xoi_&_Che,Bistro,Vietnamese,"74_Duong_So_1,_P._Binh_Tri_Dong_B",Binh_Tan,3.65,17000
BT_0028,Tra_18_-_One_Eight_Tea,Cafe,Vietnamese,"36_-_40_Duong_So_7,_P._An_Lac_A",Binh_Tan,4.3,23000
BT_0029,Sushi_Ken,Bistro,Japanese,"357/35_Tan_Hoa_Dong,_Khu_Pho_13,_P._Binh_Tri_Dong",Binh_Tan,4.55,83000
BT_0030,Thuy_Linh_-_Che_Thai,Bistro,Vietnamese,"44_Duong_So_7,_P._An_Lac_A",Binh_Tan,4.25,13500
BT_0031,Ngoc_-_Chuoi_Nep_Nuong,Restaurant,Vietnamese,"119/9_Phung_Ta_Chu,_P._An_Lac_A",Binh_Tan,4.7,9500
BT_0032,Doraemon_Tofu_Factory_-_Aeon_Mall_Binh_Tan,Bakery,Japanese,"Tang_Tret,_Aeon_Mall_Binh_Tan,_1_Duong_So_17A,_P._Binh_Tri_Dong_B",Binh_Tan,3.6,25500
BT_0033,Bun_Bo_Kho_Nam_Bo_&_Goi_Cuon,Restaurant,Vietnamese,"Hem_34_Phong_So_3_Duong_So_8B,_P._Binh_Hung_Hoa_A",Binh_Tan,3.8,13500
BT_0034,Banh_Kem_Huong_Phat,Bakery,Vietnamese,"138_Ma_Lo,_P._Binh_Tri_Dong_A",Binh_Tan,3.45,128500
BT_0035,Manh_Tien_Coffee,Cafe,Vietnamese,"181_Duong_So_6,_P._Binh_Hung_Hoa_B",Binh_Tan,4.5,17500
BT_0036,Quan_Oc_Ba_Xa,Bistro,Vietnamese,"D1_Duong_So_6,_P._An_Lac_A",Binh_Tan,4.8,63500
BT_0037,Com_Ga_-_G-Land_Do_An_Vat_-_Binh_Tri_Dong,Restaurant,Vietnamese,"154_Binh_Tri_Dong,_P._Binh_Tri_Dong",Binh_Tan,4.5,21500
BT_0038,Just_Cafe_-_Duong_24A,Cafe,Vietnamese,"24_Duong_24A,_P._Binh_Tri_Dong_B",Binh_Tan,4,54000
BT_0039,Zulia_Coffee,Cafe,Vietnamese,"277_Le_Van_Quoi,_P._Binh_Tri_Dong",Binh_Tan,4.3,19000
BT_0040,"Shino_-_Cafe,_Tra_Sua_&_Nuoc_Ep",Cafe,Vietnamese,"10_Duong_So_3A,_KDC_Vinh_Loc,_P._Binh_Hung_Hoa",Binh_Tan,4.8,15000
BT_0041,Lychees_Garden_Cafe_-_Vanh_Dai_Trong,Cafe,Vietnamese,"337_Vanh_Dai_Trong,_P._Binh_Tri_Dong_B",Binh_Tan,4.05,16500
BT_0042,Ngoc_Duc_-_Cafe_&_Diem_Tam,Restaurant,Vietnamese,"33/18B_Dat_Moi,_P._Binh_Tri_Dong_A",Binh_Tan,4.4,11500
BT_0043,"Quan_45_-_Hu_Tiu_Mi,_Sinh_To_&_Nuoc_Ep",Bistro,Vietnamese,"45_Lien_Khu_16_-_18,_P._Binh_Tri_Dong",Binh_Tan,3.7,26500
BT_0044,Kakyda_Coffee,Cafe,Vietnamese,75A_Binh_Long,Binh_Tan,4.5,20000
BT_0045,Da_Heo_Ut_Cung_-_Restaurant_-_Kinh_Duong_Vuong,Restaurant,Vietnamese,"532/28/34/27_Kinh_Duong_Vuong,_P._Binh_Tri_Dong_B",Binh_Tan,3.75,180000
BT_0046,De_Ngo_-_Tran_Thanh_Mai,Bistro,Vietnamese,"199_Tran_Thanh_Mai,_P._Tan_Tao_A",Binh_Tan,4.65,180000
BT_0047,Pho_25_-_Chi_Nhanh_Binh_Tan,Restaurant,Vietnamese,"40_-_41A_Duong_So_4,_P._Binh_Tri_Dong_B",Binh_Tan,3.65,30000
BT_0048,Quay_Nha_Che_-_Tra_Sua_&_Topping_Nha_Lam_100%,Cafe,Vietnamese,"473/23B_Tinh_Lo_10,_P._An_Lac_A",Binh_Tan,3.85,15000
BT_0049,TeaTee_-_Tea_&_Coffee_Express,Cafe,Vietnamese,"21/18_Lo_Tu,_P._Binh_Hung_Hoa_A",Binh_Tan,4.05,35000
BT_0050,Mini_Buns_-_Banh_Mi_Ngot,Restaurant,Vietnamese,"276/29/12A_Ma_Lo,_P._Binh_Tri_Dong_A",Binh_Tan,4.7,30000
BT_0051,ABC_Bakery_-_Kinh_Duong_Vuong,Bakery,Asian,"545_Kinh_Duong_Vuong,_P._An_Lac",Binh_Tan,3.4,32500
BT_0052,LEMON_JUICE_-_NUOC_EP_DETOX_&_MI_Y,Cafe,Vietnamese,"14_Duong_Lien_Khu_16-18,_P._Binh_Tri_Dong_A",Binh_Tan,4.8,30000
BT_0053,Susu_-_An_Vat,Bistro,Vietnamese,"286/1/20_Chien_Luoc,_P._Binh_Tri_Dong_A",Binh_Tan,4.65,55000
BT_0054,Lo_Banh_Mi_Du_Muc,Bakery,Vietnamese,"110_Duong_So_1,_P._Binh_Tri_Dong_B",Binh_Tan,3.55,16000
BT_0055,A_Kao_-_Banh_Trang_Muoi_Hanh,Restaurant,Vietnamese,"351_Tan_Hoa_Dong,_P._Binh_Tri_Dong",Binh_Tan,3.75,15000
BT_0056,Nem_Nuong_Co_Tu,Bistro,Vietnamese,"101_Duong_So_3,_P._Binh_Tri_Dong",Binh_Tan,3.7,45000
BT_0057,Quan_G5_-_Mon_Nuong_Binh_Dan,Bistro,Vietnamese,G5_Duong_So_6,Binh_Tan,3.6,155000
BT_0058,Bun_Dau_Bep_Tam_-_Ten_Lua,Bistro,Vietnamese,"597N_Ten_Lua,_P._Binh_Tri_Dong_B",Binh_Tan,3.8,55000
BT_0059,Banh_Cuon_Thanh_Phuong,Bistro,Vietnamese,"12_Duong_So_3,_P._An_Lac_A",Binh_Tan,3.7,17500
BT_0060,Trung_Nhan_-_Hu_Tieu_De_-_Kinh_Duong_Vuong,Bistro,Vietnamese,"694A_Kinh_Duong_Vuong,_P._An_Lac",Binh_Tan,4.65,30000
BT_0061,Tra_Sua_A_Hoa_-_Ma_Lo,Cafe,Vietnamese,"189_Ma_Lo,_P._Binh_Tri_Dong_A",Binh_Tan,3.7,25000
BT_0062,Chi_Bep_-_Do_An_Vat_Online,Restaurant,Vietnamese,"30/8_Duong_So_4,_P._Binh_Hung_Hoa_A",Binh_Tan,4.1,55000
BT_0063,Dua_Hau_Quan_-_Com_Trua_Van_Phong,Bistro,Vietnamese,"33_Lien_Khu_8_-_9,_P._Binh_Hung_Hoa_A",Binh_Tan,4.65,22500
BT_0064,Com_Chay_Phuoc_Thien_-_Tan_Ky_Tan_Quy,Restaurant,Vietnamese,658_Tan_Ky_Tan_Quy,Binh_Tan,5,10000
BT_0065,Sinh_To_3MoM,Cafe,Vietnamese,"36_Duong_So_4A,_P._Binh_Tri_Dong_B",Binh_Tan,4.8,30000
BT_0066,Banh_Mi_Ha_Noi_-_703/20_Tinh_Lo_10,Bakery,Vietnamese,"703/20_Tinh_Lo_10,_P._Binh_Tri_Dong_B",Binh_Tan,4.15,92500
BT_0067,De_Tuoi_Binh_Long,Bistro,Vietnamese,"231_Binh_Long,_P._Binh_Hung_Hoa_A",Binh_Tan,4.25,55000
BT_0068,Tea_Lab_-_Tiem_Tra_Chanh_-_Kinh_Duong_Vuong,Cafe,Vietnamese,"479_Kinh_Duong_Vuong,_P._An_Lac",Binh_Tan,4,30000
BT_0069,Tra_Bi_Dao_Chia_Chia_-_Kinh_Duong_Vuong,Restaurant,Vietnamese,72_Kinh_Duong_Vuong,Binh_Tan,3.05,15000
BT_0070,Tiem_Chay_Che_Mai,Restaurant,Vietnamese,"2_Duong_So_8A,_P._Binh_Tri_Dong_B",Binh_Tan,4.25,22500
BT_0071,Ga_Ta_Son_Ca_-_Nguyen_Thi_Tu,Restaurant,Vietnamese,"33_Nguyen_Thi_Tu,_P._Binh_Hung_Hoa_B",Binh_Tan,4.1,55000
BT_0072,The_HTU_1980_-_Cafe_&_Giai_Khat,Cafe,Vietnamese,"401_Ten_Lua,_P._Binh_Hung_Hoa_B",Binh_Tan,4.85,30000
BT_0073,Huy_Khanh_-_Hu_Tiu_Nam_Vang,Bistro,Vietnamese,"92_Duong_So_17A,_P._Binh_Tri_Dong_B",Binh_Tan,4.4,35000
BT_0074,Quan_Che_580,Restaurant,Vietnamese,580_Tinh_Lo_10,Binh_Tan,3.3,15000
BT_0075,Tra_Sua_-_Nuoc_Sam_KimTan,Restaurant,Vietnamese,"78_Duong_So_1,_P._Binh_Tri_Dong_B",Binh_Tan,3.8,15000
BT_0076,8_Tai_-_Banh_Mi_Bo_Nuong_&_Nuoc_Giai_Khat_-_Duong_So_7,Restaurant,Vietnamese,"59_-_61_Duong_So_7,_P._An_Lac_A",Binh_Tan,3.5,17500
BT_0077,Cong_Rau_Ma_-_Duong_So_1,Cafe,Vietnamese,"296_Duong_So_1,_P._Binh_Tri_Dong_B",Binh_Tan,3.8,25000
BT_0078,Hoi_Ngo_Cafe_-_Duong_So_21E,Cafe,Vietnamese,"30_Duong_So_21E,_P._Binh_Tri_Dong_B",Binh_Tan,4.1,30000
BT_0079,Nha_Banh_Trang,Restaurant,Vietnamese,"32/42_Duong_So_5,_P._Binh_Hung_Hoa",Binh_Tan,5,30000
BT_0080,Quan_404_-_Lau_De,Bistro,Vietnamese,"229_Nguyen_Thi_Tu,_P._Binh_Hung_Hoa_B",Binh_Tan,3.5,70000
BT_0081,Da_Da_Thanh_-_Banh_Bong_Lan_Trung_Muoi_-_Restaurant,Restaurant,Vietnamese,"69/38_Le_Cong_Phep,_P._An_Lac",Binh_Tan,4.3,15000
BT_0082,Ca_Bien_26,Bistro,Vietnamese,"26_Nguyen_Quy_Yem,_P._An_Lac",Binh_Tan,3.8,55000
BT_0083,Duc_Phat_-_Bun_Dau_Mam_Tom,Bistro,Vietnamese,"251_Duong_So_7,_P._Binh_Tri_Dong_B",Binh_Tan,3.8,35000
BT_0084,Quan_Che_-_480_Tinh_Lo_10,Bistro,Vietnamese,"480_Tinh_Lo_10,_P._Binh_Tri_Dong",Binh_Tan,3.1,16000
BT_0085,Banh_Trang_Tron_10K,Bistro,Vietnamese,"345/31_Binh_Thanh,_P._Binh_Hung_Hoa_B",Binh_Tan,5,30000
BT_0086,Color_Me_WoW_-_Sushi_Me,Bistro,Vietnamese,"158_Duong_So_19,_P._Binh_Tri_Dong_B",Binh_Tan,3.1,204500
BT_0087,Tocotoco_Bubble_Tea_-_Tinh_Lo_10,Cafe,Vietnamese,"657_Tinh_Lo_10,_P._Binh_Tri_Dong_B",Binh_Tan,3.45,35000
BT_0088,Tra_Sua_Leng_Keng,Cafe,Vietnamese,150_Duong_So_6,Binh_Tan,3.1,30000
BT_0089,Ocean_Coffee_-_Aeon_Mall_Binh_Tan,Cafe,Vietnamese,"Lo_SF15_Aeon_Mall_Binh_Tan,_1_Duong_So_17A,_P._Binh_Tri_Dong_B",Binh_Tan,3.85,177500
BT_0090,Banh_Chuoi_&_Banh_Duc,Restaurant,Vietnamese,"157_Duong_So_19,_P._Binh_Tri_Dong_B",Binh_Tan,5,15000
BT_0091,Tra_Ba_Xa,Restaurant,Vietnamese,"317_Le_Van_Quoi,_P._Binh_Hung_Hoa_A",Binh_Tan,4.2,20000
BT_0092,2_Map_Food_-_Huong_Lo_2,Restaurant,Vietnamese,"730/1/2/78C_Huong_Lo_2,_P._Binh_Tri_Dong_A",Binh_Tan,4.55,55000
BT_0093,An_Vat_Dung_Map,Restaurant,Vietnamese,"34_Duong_So_1C,_P._An_Lac",Binh_Tan,3.45,15000
BT_0094,Banh_Canh_Trang_Bang_245,Bistro,Vietnamese,"245_Chien_Luoc,_P._Binh_Tri_Dong",Binh_Tan,5,22500
BT_0095,Uji_Cha_-_Tra_Sua_&_An_Vat,Cafe,Vietnamese,"116B_Lo_Tu,_P._Binh_Hung_Hoa_A",Binh_Tan,5,22500
BT_0096,Oc_Woan,Bistro,Vietnamese,"10_Duong_So_36,_P._Binh_Tri_Dong_B",Binh_Tan,3.6,30000
BT_0097,Chau_Duong_-_Banh_Bong_Lan_Trung_Muoi,Restaurant,Vietnamese,"295/27A_Tan_Hoa_Dong,_P._Binh_Tri_Dong",Binh_Tan,3.5,77500
BT_0098,Rifa_Coffee_&_Tea,Cafe,Vietnamese,"226_Tan_Hoa_Dong,_P._Binh_Tri_Dong",Binh_Tan,4.5,15000
BT_0099,Mi_Cay_Yummy,Bistro,Korean,"SA2-04_Chung_Cu_Green_Hills,_Duong_So_1,_P._Binh_Hung_Hoa_B",Binh_Tan,3.6,44500
BT_0100,Tra_Chanh_Crush,Restaurant,Vietnamese,"29_Duong_So_1,_P._An_Lac_A",Binh_Tan,3.45,20000
BT_0101,TocoToco_Bubble_Tea_-_Duong_So_17A,Cafe,Vietnamese,"96_Duong_So_17A,_P._Binh_Tri_Dong_B",Binh_Tan,3.45,35000
BT_0102,Co_Dao_-_Banh_Canh_Cua_Gia_Truyen,Bistro,Vietnamese,"345_Ten_Lua,_P._Binh_Tri_Dong_B",Binh_Tan,3.15,31000
BT_0103,Arani_Coffee_-_Duong_So_2,Cafe,Vietnamese,"46/10_Duong_So_2,_P._Binh_Hung_Hoa_B",Binh_Tan,4.6,23500
BT_0104,Chao_Dinh_Duong_Wow_-_Duong_So_19,Bistro,Vietnamese,"158_Duong_So_19,_P._Binh_Tri_Dong",Binh_Tan,4.9,18500
BT_0105,Hoa_Sim_Tim_Cafe,Cafe,Vietnamese,"58A_Kenh_Nuoc_Den,_P._BInh_Hung_Hoa_A",Binh_Tan,4,23500
BT_0106,FC_Good_Coffee_-_Phan_Dang_Giang,Cafe,Vietnamese,1F_Phan_Dang_Giang,Binh_Tan,3.5,13000
BT_0107,Yumi_Handmade_-_Tra_Sua_Thai_-_Duong_So_34,Restaurant,Vietnamese,"10_Duong_So_34,_P._Binh_Tri_Dong",Binh_Tan,4,21000
BT_0108,A!_Coffee,Cafe,Vietnamese,"517_Ten_Lua,_P._Binh_Tri_Dong_B",Binh_Tan,5,21000
BT_0109,Tap_Vo_Quan_-_Tra_Sua_Tui_Nhung_&_Banh_Trang_Tron,Restaurant,Vietnamese,"638_Tinh_Lo_10,_P._Binh_Tri_Dong",Binh_Tan,4.2,13500
BT_0110,Kim_Ngoc_-_Banh_Trang_Mo_Hanh_&_Tra_Tac_-_Restaurant,Restaurant,Vietnamese,"161/15_Binh_Tri_Dong,_P._Binh_Tri_Dong_A",Binh_Tan,4.1,21000
BT_0111,Di_Hong_-_Chuoi_Nuong,Restaurant,Vietnamese,"70/1_Dinh_Nghi_Xuan,_P._Binh_Tri_Dong",Binh_Tan,4.75,12000
BT_0112,Xoi_Man_147,Restaurant,Vietnamese,147_Duong_So_19,Binh_Tan,5,13500
BT_0113,Milano_Coffee_-_Duong_So_1,Cafe,Vietnamese,"114_Duong_So_1,_P._Binh_Tri_Dong_B",Binh_Tan,3.1,17000
BT_0114,"F-Fresh_-_Sinh_To,_Nuoc_Ep_&_Banh_Trang_Tron",Cafe,Vietnamese,"55_Lien_Khu_2_-_5,_P._Binh_Tri_Dong",Binh_Tan,5,16000
BT_0115,Duc_Mai_-_Chao_Dinh_Duong_-_Tinh_Lo_10,Bistro,Vietnamese,860_Tinh_Lo_10,Binh_Tan,4.1,12000
BT_0116,Kang_Tea_&_Coffee,Cafe,Vietnamese,"74_Duong_So_4,_KP._3,_P._Binh_Hung_Hoa_A",Binh_Tan,4.3,18500
BT_0117,BreadTalk_-_Aeon_Mall_Binh_Tan,Bakery,Singapore,"Tang_Tret,_Aeon_Mall_Binh_Tan,_1_Duong_So_17A,_P._Binh_Tri_Dong_B",Binh_Tan,3.2,156500
BT_0118,Doner_Kebab_Phuoc_Hau_-_Duong_So_4,Restaurant,American,"66_Duong_So_4,_P._An_Lac_A",Binh_Tan,3.6,17500
BT_0119,Banh_Mi_Heo_Quay_109,Restaurant,Vietnamese,"428_Ma_Lo,_P._Binh_Hung_Hoa_A",Binh_Tan,3.25,16500
BT_0120,The_Gioi_Do_Co_Coffee,Cafe,Vietnamese,"146_Ten_Lua,_P._An_Lac_A",Binh_Tan,4.5,24500
BT_0121,Sukiya_-_Com_Bo_Ham_&_Mi_Ramen_-_AEON_Mall_Binh_Tan,Restaurant,Japanese,"Tang_3,_Aeon_Mall_Binh_Tan,_1_Duong_So_17A,_P._Binh_Tri_Dong_B",Binh_Tan,3.7,57000
BT_0122,Bot_Chien_40,Restaurant,Vietnamese,"40_Duong_So_29,_P._Binh_Tri_Dong_B",Binh_Tan,4.1,20000
BT_0123,Bui_Van_Ngo_Coffee_-_Ten_Lua,Cafe,Vietnamese,"269_Ten_Lua,_P._Binh_Tri_Dong_B",Binh_Tan,3.95,30000
BT_0124,Greenberry_Coffee_&_Tea,Cafe,Vietnamese,335_Binh_Tri_Dong,Binh_Tan,3.8,27500
BT_0125,Bamboo_Dimsum_-_Aeon_Mall_Binh_Tan,Restaurant,Chinese,"Lo_Sf9,Tang_2_Aeon_Mall_Binh_Tan,_1_Duong_So_17A,_Binh_Tri_Dong",Binh_Tan,3.75,37500
BT_0126,Chim_Cut_Dau_Ga_Chien_Bo_-_Tinh_Lo_10,Restaurant,Vietnamese,"330_Tinh_Lo_10,_P._Binh_Tri_Dong",Binh_Tan,5,15000
BT_0127,Sau_Bot_Chien_-_Ten_Lua,Bistro,Vietnamese,"428_Ten_Lua,_P._Binh_Tri_Dong_B",Binh_Tan,3.6,18500
BT_0128,Hu_Tieu_Ca_Che_Khiem,Bistro,Vietnamese,"221_Duong_So_7,_P._Binh_Tri_Dong_B",Binh_Tan,4.15,25000
BT_0129,Bep_Nha_Huong_-_Banh_Bong_Lan_Trung_Muoi,Restaurant,Vietnamese,"19/15_Duong_So_4,_P._Binh_Hung_Hoa_A",Binh_Tan,3.75,107500
BT_0130,Stop_&_Go_Coffee,Cafe,Vietnamese,"597H_Ten_Lua,_P._Binh_Tri_Dong_B",Binh_Tan,4.25,22000
BT_0131,Hasagi_Milk_Tea_-_Ma_Lo,Cafe,Vietnamese,"142_Ma_Lo,_P._Binh_Tri_Dong_A",Binh_Tan,3.65,25000
BT_0132,Hong_An_-_Banh_Mi_Nem_Nuong_La_Lot,Restaurant,Vietnamese,"494_Ma_Lo,_P._Binh_Hung_Hoa_A",Binh_Tan,4.8,16500
BT_0133,Am_Thuc_Hue_Vi_Da,Bistro,Vietnamese,"256_Vanh_Dai_Trong,_P._Binh_Tri_Dong_B",Binh_Tan,4.45,24000
BT_0134,Valleys_Coffee,Cafe,Vietnamese,"325_Vanh_Dai_Trong,_P._Binh_Tri_Dong_B",Binh_Tan,4.55,30000
BT_0135,Tiem_Banh_Kem_Thi_Thi,Bakery,Vietnamese,"1243_Tinh_Lo_10,_P._Tan_Tao",Binh_Tan,3.3,172500
BT_0136,Aplus_Coffee_-_AEON_Mall_Binh_Tan,Cafe,Vietnamese,"AEON_Mall_Binh_Tan,_1_Duong_So_17A,_P._Binh_Tri_Dong",Binh_Tan,4.45,32500
BT_0137,Quan_Pe_Ut_Hai_Lang_-_Banh_Canh_Ca_Loc,Bistro,Vietnamese,"20A_Lo_Tu,_P._Binh_Hung_Hoa_A",Binh_Tan,3,25000
BT_0138,Hoa_Hong_-_Pho_&_Bun_Bo_Hue,Bistro,Vietnamese,9_Nguyen_Van_Cu,Binh_Tan,4.85,25000
BT_0139,Phuong_Mai_-_Che_Thai,Bistro,Vietnamese,"167_Duong_So_19,_P._Binh_Tri_Dong_B",Binh_Tan,3.25,21500
BT_0140,Nam_Hy_Cafe,Cafe,Vietnamese,"70_-_72_Duong_So_7,_P._Binh_Tri_Dong_B",Binh_Tan,3.85,27000
BT_0141,Tra_Sua_Tran_Chau_Be_Cool,Cafe,Vietnamese,"240_Vanh_Dai_Trong,_P._Binh_Tri_Dong_B",Binh_Tan,3.25,24000
BT_0142,Ichiban_-_Fastfood_&_Kem,Cafe,Vietnamese,"1_Duong_A8,_P._Binh_Hung_Hoa_B",Binh_Tan,3.35,32500
BT_0143,Hoa_Ly_-_Tra_Sua_Nha_Lam_-_Duong_So_1,Restaurant,Vietnamese,"209_Duong_So_1,_P._Binh_Tri_Dong_B",Binh_Tan,3.25,37500
BT_0144,GOOD_COFFEE_-_Coffee_&_Juice_Smoothie_-_Duong_So_18,Cafe,Vietnamese,"208_Duong_So_18,_P._Binh_Hung_Hoa",Binh_Tan,5,22500
BT_0145,KHOITEA_-_Tra_Sua_Sach_-_Duong_So_14,Cafe,Vietnamese,"78A_Duong_So_14,_P._Binh_Hung_Hoa_A",Binh_Tan,4.9,20000
BT_0146,Mi_Lanh_Lao_Tran,Bistro,Taiwanese,"624_Huong_Lo_2,_P._Binh_Tri_Dong",Binh_Tan,4.05,25000
BT_0147,Banh_Trang_Sach_Long_An_-_Restaurant,Restaurant,Vietnamese,"287_Dat_Moi,_P._Binh_Tri_Dong_A",Binh_Tan,3.6,15000
BT_0148,Scent_Coffee_-_Ca_Phe_Tuy_Chon,Cafe,Vietnamese,"143/36/6_Lien_Khu_5_-_6,_P._Binh_Hung_Hoa_B",Binh_Tan,4.5,25000
BT_0149,Thanh_Xuan_-_Milktea_&_Coffee,Cafe,Vietnamese,"463_Binh_Tri_Dong,_P._Binh_Tri_Dong_A",Binh_Tan,4.9,32500
BT_0150,Banh_Xeo_Chi_Tam,Restaurant,Vietnamese,"33_Ma_Lo,_P._Binh_Tri_Dong_A",Binh_Tan,3.55,24000
BT_0151,Lang_Pho_Cafe,Cafe,Vietnamese,298_Go_Xoai,Binh_Tan,3.25,32500
BT_0152,Muoi_-_Tau_Hu_Rong_Bien_-_Tay_Thanh,Restaurant,Vietnamese,"195_Duong_So_5,_P._Binh_Hung_Hoa",Binh_Tan,4.55,20000
BT_0153,Moc_Coffee_-_Duong_17A,Cafe,Vietnamese,"64_Duong_So_17A,_P._Binh_Tri_Dong",Binh_Tan,3.85,21500
BT_0154,Uh_Coffee,Cafe,Vietnamese,"402_Ten_Lua,_P._Binh_Tri_Dong_B",Binh_Tan,3.75,13500
BT_0155,My_Di_-_Pha_Lau_Bo,Bistro,Vietnamese,40/2_Truong_Phuoc_Phan,Binh_Tan,3.85,27500
BT_0156,D&D_Coffee,Cafe,Vietnamese,"195_Duong_So_7,_P._Binh_Tri_Dong_B",Binh_Tan,3.8,35000
BT_0157,Mong_Chi_-_Ga_Chien_Gion_&_Tra_Dai_Loan_-_Duong_So_55,Bistro,Taiwanese,137_Duong_So_55,Binh_Tan,3.6,31500
BT_0158,Bi_Coffee_-_Vanh_Dai_Trong,Cafe,Vietnamese,206_-_208_Vanh_Dai_Trong,Binh_Tan,4.5,30000
BT_0159,Mi_Cay_Lutupu_-_Nguyen_Thi_Tu,Bistro,Korean,"293_Nguyen_Thi_Tu,_P._Binh_Hung_Hoa_B",Binh_Tan,3.55,132000
BT_0160,Banh_Beo_Nha_Trang,Restaurant,Vietnamese,"19_Duong_So_22,_P._Binh_Tri_Dong_B",Binh_Tan,4.15,32500
BT_0161,Tra_Sua_Kha_Ai,Cafe,Vietnamese,"87_Ho_Van_Long,_P._Tan_Tao",Binh_Tan,3.75,22500
BT_0162,Yolo_Tea,Cafe,Vietnamese,"246_Le_Co,_P._An_Lac",Binh_Tan,4.55,22500
BT_0163,Com_Tam_-_408_Tinh_Lo_10,Bistro,Vietnamese,"408_Tinh_Lo_10,_P._Binh_Tri_Dong",Binh_Tan,3.5,18500
BT_0164,An_Lac_Chay_-_Phuc_Vu_Cac_Mon_Chay_Thanh_Tinh,Restaurant,Vietnamese,424A_Tinh_Lo_10,Binh_Tan,4.25,32500
BT_0165,Thanh_Nhang_-_Bun_Thit_Xao_Mien_Tay,Bistro,Vietnamese,"46_Duong_So_17A,_P._Binh_Hung_Hoa",Binh_Tan,4.1,25000
BT_0166,Double_Tea_-_Phan_Anh,Cafe,Vietnamese,85_Phan_Anh,Binh_Tan,3.75,20000
BT_0167,Banh_Bach_Tuoc_Ku_Tin,Restaurant,Japanese,"496_Tinh_Lo_10,_P._Binh_Tri_Dong",Binh_Tan,3.7,22500
BT_0168,"Thuan_Ky_Mi_Gia_-_Mi_Vit_Tiem,_Hu_Tieu_Mi_&_Ha_Cao",Bistro,Vietnamese,"129_Duong_So_1,_KDC_An_Lac,_P._Binh_Tri_Dong_B",Binh_Tan,3.3,50000
BT_0169,Nhuan_2_-_Hu_Tieu_Muc_Ben_Tre,Bistro,Vietnamese,"10_Duong_So_34,_P._Binh_Tri_Dong_B",Binh_Tan,4.6,30000
BT_0170,"Mia_-_Coffee,_Nuoc_Ep_&_Tra_Sua",Cafe,Vietnamese,"141_-_143_Vanh_Dai_Trong,_P._Binh_Tri_Dong_B",Binh_Tan,5,32500
BT_0171,Moc_Lan_Coffee,Cafe,Vietnamese,"2_-_4_Duong_6B,_P._Binh_Hung_Hoa_B",Binh_Tan,4.5,22500
BT_0172,Tren_Tung_Cay_So_Cafe_-_Duong_So_17A,Cafe,Vietnamese,"86_Duong_So_17A,_P._Binh_Tri_Dong",Binh_Tan,3.65,25000
BT_0173,Tee's_House_-_Tra_Sua_&_Xien_Que,Restaurant,Vietnamese,"330_Binh_Tri_Dong,_P._Binh_Tri_Dong",Binh_Tan,3.3,21500
BT_0174,Minh_Huy,Bistro,Vietnamese,"243_Duong_1,_P._Binh_Tri_Dong_B",Binh_Tan,3.7,27000
BT_0175,Co_Lan_-_Bot_Chien_-_Mieu_Go_Xoai,Restaurant,Chinese,"19_Mieu_Go_Xoai,_P._Binh_Hung_Hoa_A",Binh_Tan,4.4,20000
BT_0176,365_Bakery,Bakery,Vietnamese,"72_Duong_26_Thang_3,_P._Binh_Hung_Hoa",Binh_Tan,4.2,157500
BT_0177,Met_108_-_Bun_Dau_Mam_Tom,Bistro,Vietnamese,108_Duong_So_2,Binh_Tan,4.7,30000
BT_0178,Hem_696_-_Xoi_&_Bun_Rieu,Bistro,Vietnamese,"287_Ap_Chien_Luoc,_P._Binh_Hung_Hoa_A",Binh_Tan,3.6,22500
BT_0179,Tra_Sua_Tien_Huong_-_Duong_So_7,Cafe,Chinese,"199_Duong_So_7,_P._Binh_Tri_Dong",Binh_Tan,3.4,25500
BT_0180,66_Coffee,Cafe,Vietnamese,"66_Duong_So_32,_P._Binh_Tri_Dong_B",Binh_Tan,5,23000
BT_0181,Pho_Bon_Phuong_1,Bistro,Vietnamese,398_Kinh_Duong_Vuong,Binh_Tan,3.8,23000
BT_0182,Golden_Tea_-_Duong_So_2,Cafe,Vietnamese,"39_Duong_So_2,_P._An_Lac_A",Binh_Tan,4.7,26000
BT_0183,Kaly_-_Tra_Sua_Nha_Lam_-_Restaurant,Restaurant,Vietnamese,"882_Tinh_Lo_10,_P._Tan_Tao",Binh_Tan,3.2,28500
BT_0184,Tra_Sua_Yuki,Cafe,Vietnamese,"44_Binh_Thanh,_P,_Binh_Hung_Hoa_B",Binh_Tan,3.8,26000
BT_0185,Lagi_Quan_-_Hai_San_Tuoi_Song_-_Truong_Phuoc_Phan,Bistro,Vietnamese,20_Truong_Phuoc_Phan,Binh_Tan,3.9,108500
BT_0186,Vuon_Nang_Outdoor_Coffee_-_KDC_Vinh_Loc,Cafe,Vietnamese,"144_Duong_So_1A,_P._Binh_Hung_Hoa_B",Binh_Tan,4.95,26000
BT_0187,Bun_Dau_Thi_Hen,Bistro,Vietnamese,"922/1_Tan_Ky_Tan_Quy,_P._Binh_Hung_Hoa",Binh_Tan,4.1,71000
BT_0188,Pho_Dien_-_Diem_Tam_Sang,Bistro,Vietnamese,"54/29/26_Ap_Chien_Luoc,_P._Binh_Tri_Dong",Binh_Tan,4.7,21000
BT_0189,Bo_Ne_3_Ngon_-_Le_Van_Quoi,Restaurant,Vietnamese,"509_Le_Van_Quoi,_P._Binh_Tri_Dong_A",Binh_Tan,4.9,31000
BT_0190,Motif_Coffee_-_Duong_So_6,Cafe,Vietnamese,"167_Duong_So_6,_P._Binh_Tri_Dong_B",Binh_Tan,3.95,26500
BT_0191,Bingo_Coffee_&_Cake_-_Vanh_Dai_Trong,Cafe,Vietnamese,"280_Bis_Vanh_Dai_Trong,_P._Binh_Tri_Dong_B",Binh_Tan,3.9,28500
BT_0192,Don_-_Quan_An_Quang_Ngai,Bistro,Vietnamese,"298/2A_Le_Van_Quoi,_P._Binh_Hung_Hoa_A",Binh_Tan,3.85,26500
BT_0193,Che_Buoi_Homemade,Restaurant,Vietnamese,"184/14_Bui_Tu_Toan,_P._An_Lac",Binh_Tan,3.4,24000
BT_0194,Aqualinkja_Coffee,Cafe,Japanese,47_Duong_26_Thang_3,Binh_Tan,4.65,30000
BT_0195,Sala_Cafe_-_Duong_So_19,Cafe,Vietnamese,156_Duong_So_19,Binh_Tan,5,28000
BT_0196,"KI.ICHI_-_Nuoc_Mia,_Nuoc_Ep_Trai_Cay_&_Siro_Da_Bao_Hoa_Ky",Cafe,Vietnamese,"Tang_2_AEON_Mall_Binh_Tan,_1_Duong_So_17A,_P._Binh_Tri_Dong_B",Binh_Tan,4.15,33500
BT_0197,Tra_Sua_A_Mui,Restaurant,Vietnamese,"61A_Mieu_Binh_Dong,_P._Binh_Hung_Hoa_A",Binh_Tan,4.65,23000
BT_0198,Com_Tam_Thang_Nhoc,Bistro,Vietnamese,"1150_Tinh_Lo_10,_P._Tan_Tao",Binh_Tan,4.15,21500
BT_0199,Taktuk_Milktea_&_Coffee,Cafe,Vietnamese,"117/15E_Ho_Van_Long,_P._Tan_Tao",Binh_Tan,4.7,24000
BT_0200,Mid_Tea_&_Vape,Cafe,Vietnamese,"4240_Nguyen_Cuu_Phu,_P._Tan_Tao_A",Binh_Tan,4.7,39000
BT_0201,The_Coffee_X,Cafe,Vietnamese,"183_Vanh_Dai_Trong,_P._Binh_Tri_Dong_B",Binh_Tan,4.1,34000
BT_0202,Quan_69_-_Lau_Nuong_&_Xien_Que,Bistro,Vietnamese,"184_Duong_So_1,_P._Binh_Tri_Dong",Binh_Tan,4.05,109500
BT_0203,Swebi_Cafe_-_Ten_Lua,Cafe,Vietnamese,250_Ten_Lua,Binh_Tan,4.15,30000
BT_0204,Xoi_Nha_Minh,Cafe,Vietnamese,"704/27/16_Huong_Lo_2,_P._Binh_Tri_Dong_A",Binh_Tan,3.85,25000
BT_0205,O_Thanh_-_Banh_Canh_Ca_Loc,Bistro,Vietnamese,"2J_Nguyen_Thuc_Duong,_Khu_Pho_3,_P._An_Lac_A",Binh_Tan,3.95,20000
BT_0206,Van_Phuong_Coffee,Cafe,Vietnamese,"Hem_321_Ap_Chien_Luoc,_P._Binh_Tri_Dong_A",Binh_Tan,3.8,35000
BT_0207,Banh_Handmade_Thoa_Mup,Restaurant,Vietnamese,"230_Ma_Lo,_P._Binh_Tri_Dong_A",Binh_Tan,3.5,110000
BT_0208,Vu_Heo_Nuong_-_Tan_Hoa_Dong,Bistro,Vietnamese,"360_Tan_Hoa_Dong,_P._Binh_Tri_Dong",Binh_Tan,4.95,60000
BT_0209,Bun_Bo_Hue_Co_Mai,Bistro,Vietnamese,158_Vanh_Dai_Trong,Binh_Tan,3.3,25000
BT_0210,Mi_Tron_Densan_-_454_Ten_Lua,Bistro,Vietnamese,"454_Ten_Lua,_P._Binh_Tri_Dong_B",Binh_Tan,3.5,40000
BT_0211,Food_Court_-_AEON_Mall_Binh_Tan,Restaurant,Asian,"AEON_Mall_Binh_Tan,_1_Duong_So_17A,_Khu_Pho_11,_P._Binh_Tri_Dong_B",Binh_Tan,3.75,210000
BT_0212,Coi_Nguon_Cafe_-_Hoang_Van_Hop,Cafe,Vietnamese,"78/28_Hoang_Van_Hop,_P._An_Lac_A",Binh_Tan,3.35,26500
BT_0213,Lau_Ga_Ot_Hiem_109_-_Duong_So_7,Bistro,Vietnamese,"22_-_24_Duong_So_7,_P._An_Lac_A",Binh_Tan,3.9,99500
BT_0214,Thien_Tam_-_Am_Thuc_Chay_&_Tra_Dao,Bistro,Vietnamese,75_Duong_So_7,Binh_Tan,3.95,35000
BT_0215,Chi_Bep_-_Chuyen_Cac_Mon_Cuon,Bistro,Vietnamese,"218_Duong_So_1,_P._Binh_Tri_Dong_B",Binh_Tan,4.3,135000
BT_0216,Tra_Sua_Feeling_Tea_-_Duong_So_7,Cafe,Vietnamese,348_Duong_So_7,Binh_Tan,3.4,32500
BT_0217,Hia_Vu_-_Com_Tam_Suon_-_Duong_So_7,Bistro,Vietnamese,"221_Duong_So_7,_P._Binh_Tri_Dong_B",Binh_Tan,4.1,35000
BT_0218,"Viet_Thanh_Bakery_-_Banh_Kem_Sua,_Kem_Bap_Va_Cac_Loai_Banh_Mi",Bistro,Vietnamese,"744-746_Ta?n_Ky_Ta?n_Quy,_P._Binh_Hu?ng_Hoa_A",Binh_Tan,4.9,60000
BT_0219,Steppacafe,Restaurant,Vietnamese,"563_Kinh_Duong_Vuong,_P._An_Lac",Binh_Tan,3.95,35000
BT_0220,Bao_Bao_-_Bot_Chien_&_Nui_Xao,Restaurant,Vietnamese,"71/2_Phung_Ta_Chu,_P._An_Lac_A",Binh_Tan,3.8,26000
BT_0221,Nuoc_Ep_Co_Van,Restaurant,Vietnamese,"23_Truong_Phuoc_Phan,_P._Binh_Tri_Dong",Binh_Tan,3.4,27500
BT_0222,Banh_Cuon_Hieu_279_-_Binh_Tri_Dong,Restaurant,Vietnamese,"281/15_Binh_Tri_Dong,_P._Binh_Tri_Dong",Binh_Tan,4.6,20000
BT_0223,Com_Tam_Nhung,Bistro,Vietnamese,"720_Ten_Lua,_P._Binh_Tri_Dong_B",Binh_Tan,3.6,22500
BT_0224,Viet_Thanh_Bakery_-_Banh_Mi_Man_Ngot_-_Tan_Ky_Tan_Quy,Bistro,Vietnamese,"744_Tan_Ky_Tan_Quy,_P._Binh_Hung_Hoa_A",Binh_Tan,4.9,160000
BT_0225,Ga_Song_Phung_-_Ga_Khong_Loi_Thoat_&_Ga_Bo_Xoi,Restaurant,Vietnamese,"46_Duong_So_20,_P._Binh_Hung_Hoa",Binh_Tan,4.25,30000
BT_0226,TACAYO_-_Com_Ga_Nuong_Tieu_Xanh_-_Duong_So_7,Bistro,Vietnamese,"249_Duong_So_7,_P._Binh_Tri_Dong_B",Binh_Tan,4.3,32500
BT_0227,Com_Ga_Xoi_Mo_Huong,Bistro,Vietnamese,"17_Duong_So_29,_P._Binh_Tri_Dong",Binh_Tan,3.95,29500
BT_0228,Chari_Tea_-_Tra_Sua_Dai_Loan,Cafe,Taiwanese,"880_Tinh_Lo_10,_P,_Binh_Tri_Dong_A",Binh_Tan,4.1,27500
BT_0229,Yellow_Mango_-_Xoi_Xoai_Online,Restaurant,Vietnamese,"305/13/57_Le_Van_Quoi,_P._Binh_Tri_Dong",Binh_Tan,4.05,35000
BT_0230,Chao_Vit_Dong_-_Tinh_Lo_10,Bistro,Vietnamese,"402_Tinh_Lo_10,_P._Binh_Tri_Dong",Binh_Tan,3.3,54000
BT_0231,Quan_Com_Nha_Tro,Bistro,Vietnamese,"213/18A_Le_Dinh_Can,_P._Tan_Tao",Binh_Tan,3.25,25000
BT_0232,Khung_Long_Milk_Tea,Cafe,Vietnamese,"122/1511_Bui_Tu_Toan,_P._An_Lac",Binh_Tan,3.8,20000
BT_0233,Mi_Quang_&_Bun_Cha_Ca,Bistro,Vietnamese,"59/35_Ho_Van_Long,_P._Binh_Hung_Hoa_B",Binh_Tan,5,25000
BT_0234,Loi_Xua_Cafe,Cafe,Vietnamese,"79/15_Phan_Anh,_P._Binh_Tri_Dong",Binh_Tan,4.3,50000
BT_0235,Anna's_Garden_Cafe,Cafe,Vietnamese,"330_Ma_Lo,_P._Binh_Tri_Dong_A",Binh_Tan,3.25,45000
BT_0236,Bep_108_-_Bun_Bo_&_Com_Ga_Phan_Rang,Bistro,Vietnamese,"128_Le_Dinh_Can,_P._Tan_Tao",Binh_Tan,4.3,160000
BT_0237,Fan_Tra_Sua,Cafe,Vietnamese,"84_Nguyen_Thi_Tu,_P._Binh_Hung_Hoa_B",Binh_Tan,4.95,30000
BT_0238,ST_Coffee_&_Tea_-_Chung_Cu_Hung_Thinh,Cafe,Vietnamese,"Tang_Tret,_TM31_Chung_Cu_Hung_Thinh,_36_-_38_-_40_Duong_So_7,_P._An_Lac_A",Binh_Tan,4.5,33500
BT_0239,Sushi_Kei_Aeon_Mall_Binh_Tan,Restaurant,Japanese,"Lo_T09,_Tang_3_Aeon_Mall_Binh_Tan,_1_Duong_So_17A,_P._Binh_Tri_Dong_B",Binh_Tan,3.9,510000
BT_0240,Com_Tam_My_Van,Bistro,Vietnamese,703/14A_Tinh_Lo_10,Binh_Tan,3.15,25000
BT_0241,Tiem_Kem_Cau_Lung,Cafe,Vietnamese,"237_Vanh_Dai_Trong,_P._Binh_Tri_Dong",Binh_Tan,3.95,25000
BT_0242,Quan_Vit_Thanh_Tuyen,Restaurant,Vietnamese,159A_Nguyen_Thi_Tu,Binh_Tan,3.25,200000
BT_0243,Fresh_Origin_Coffee_-_Aeon_Mall_Binh_Tan,Cafe,Vietnamese,"Aeon_Mall_Binh_Tan,_Duong_So_17A,_P._Binh_Tri_Dong_B",Binh_Tan,3.25,35000
BT_0244,AEON_Bakery_-_Aeon_Mall_Binh_Tan,Bakery,Vietnamese,"1_Duong_So_17A,_P._Binh_Tri_Dong",Binh_Tan,4,35000
BT_0245,Rau_Ma_Tuoi_-_Ten_Lua,Cafe,Vietnamese,"132_Ten_Lua,_P._Binh_Tri_Dong_B",Binh_Tan,3.25,25000
BT_0246,Cafe_Ho_Boi_Le_Thanh_-_Ma_Lo,Cafe,Vietnamese,"198A_Ma_Lo,_P._Binh_Tri_Dong_A",Binh_Tan,3.75,85000
BT_0247,Com_Tam_&_Bun_Thit_Nuong_-_Lien_Khu_5_-_6,Bistro,Vietnamese,"121/19_Lien_Khu_5_-_6,_P._Binh_Hung_Hoa_B",Binh_Tan,4,22500
BT_0248,Farm_Coffee_-_Aeon_Mall_Binh_Tan,Cafe,Vietnamese,"Tang_2,_Aeon_Mall_Binh_Tan,_1_Duong_So_17A,_P._Binh_Tri_Dong_B",Binh_Tan,3.8,25000
BT_0249,Men_-_Bun_Cha_Ca_Sua_Nha_Trang_-_Le_Van_Quoi,Bistro,Vietnamese,"132_Le_Van_Quoi,_P._Binh_Hung_Hoa_A",Binh_Tan,3.45,25000
BT_0250,Tra_Sua_Feeling_Tea_-_Duong_So_40,Cafe,Vietnamese,"15_Duong_So_40,_P._Tan_Tao",Binh_Tan,3.8,25000
BT_0251,Quan_Chay_Cay_Bo_De,Restaurant,Vietnamese,"621/4_Tinh_Lo_10,_P._Binh_Tri_Dong_B",Binh_Tan,4.35,25000
BT_0252,Gold_Coffee_Acoustic,Cafe,Vietnamese,"161_Dat_Moi,_P._Binh_Tri_Dong",Binh_Tan,3.9,32500
BT_0253,"Tran_-_Banh_Hoi,_Heo_Quay_&_Goi_Cuon",Bistro,Vietnamese,"588/3/24/8A_Tinh_Lo_10,_P._Binh_Tri_Dong",Binh_Tan,3.8,27500
BT_0254,Pho_Quynh_-_Duong_So_7,Bistro,Vietnamese,"344_Duong_So_7,_P._Tan_Tao",Binh_Tan,3.1,37500
BT_0255,Mr_Ho_-_Coffee_And_Tea,Cafe,Vietnamese,"56_Truong_Phuoc_Phan,_P._Binh_Tri_Dong",Binh_Tan,3.85,35000
BT_0256,Bun_Rieu_Cua_Dong_Mien_Tay,Bistro,Vietnamese,44_Ma_Lo,Binh_Tan,3.95,25000
BT_0257,Huong_Giang_Quan_-_Cha_Lui_Nuong_Lagi,Bistro,Vietnamese,"Dau_Hem_753_Tinh_Lo_10,_P._Binh_Tri_Dong_B",Binh_Tan,4.3,25000
BT_0258,Bun_Cha_Ca_Quy_Nhon_-_Binh_Tan,Bistro,Vietnamese,"16_Duong_So_24A,_P._Binh_Tri_Dong_B",Binh_Tan,3.85,30000
BT_0259,McKajun_-_Nha_Hang_Ga_Ran,Restaurant,Vietnamese,"02_Duong_So_6B,_Khu_Dan_Cu_Vinh_Loc,_P._Binh_Hung_Hoa_B",Binh_Tan,3.1,60000
BT_0260,Ly_Thanh_-_Hu_Tieu,Bistro,Vietnamese,"17_Le_Dinh_Can,_P._Tan_Tao",Binh_Tan,3.55,30000
BT_0261,Sui_Cao_Cuu_Long,Bistro,Chinese,"115_Ten_Lua,_P._Binh_Tri_Dong_B",Binh_Tan,4.05,60000
BT_0262,Tiem_Com_Huy_Ky,Bistro,Vietnamese,518_Kinh_Duong_Vuong,Binh_Tan,3.85,37500
BT_0263,Pho_Co_Cafe_-_Ten_Lua,Cafe,Vietnamese,126_Ten_Lua,Binh_Tan,4.1,20000
BT_0264,Co_Thuy_-_Bun_Mam_Nem,Bistro,Vietnamese,"381/16/13_Tan_Hoa_Dong,_P._Binh_Tri_Dong",Binh_Tan,4.8,28500
BT_0265,Quan_La_Cafe,Cafe,Vietnamese,"41_Duong_19E,_P._Binh_Tri_Dong",Binh_Tan,4.55,30000
BT_0266,C9_-_Coffee_&_Food,Cafe,Vietnamese,"619_Huong_Lo_2,_P._Binh_Tri_Dong",Binh_Tan,3.45,35000
BT_0267,Banh_Ran_Doraemon,Restaurant,Vietnamese,325/35/12_Le_Van_Quoi,Binh_Tan,4.5,25000
BT_0268,Quan_Hai_San_-_Tinh_Lo_10,Bistro,Vietnamese,588/1A_Tinh_Lo_10,Binh_Tan,3.9,185000
BT_0269,Co_Chanh_-_Mi_Quang_&_Bun_Bo,Bistro,Vietnamese,99_Duong_So_49,Binh_Tan,4.1,22500
BT_0270,Thanh_Tinh_-_Am_Thuc_Chay,Bistro,Vietnamese,86_Duong_So_29,Binh_Tan,4.05,65000
BT_0271,Lang_Oc_Pho_Bien_-_Binh_Tan,Bistro,Vietnamese,"422_Huong_Lo_2,_P._Binh_Tri_Dong",Binh_Tan,3.45,92500
BT_0272,Lan_Com_-_Com_Tam,Bistro,Vietnamese,"181A_Duong_So_8,_P._Binh_Hung_Hoa_A",Binh_Tan,5,25000
BT_0273,Thebeo_House_-_Tra_Sua,Restaurant,Vietnamese,"125_Binh_Long,_P._Binh_Hung_Hoa_A",Binh_Tan,4.75,22500
BT_0274,Mon_Ngon_Mien_Bac,Bistro,Vietnamese,"686A_Ten_Lua,_P._Binh_Tri_Dong_B",Binh_Tan,5,35000
BT_0275,Ong_Ba_Nam_-_Ca_Ri_Vit,Bistro,Vietnamese,"1071A_Tinh_Lo_10,_P._Tan_Tao",Binh_Tan,4,27500
BT_0276,Matie_-_An_Vat_Van_Phong_-_Restaurant,Restaurant,Vietnamese,"172_Mieu_Binh_Dong,_P._Binh_Hung_Hoa_A",Binh_Tan,4.1,25000
BT_0277,Mon_Hue_Chi_Huong,Bistro,Vietnamese,"54_Lien_Khu_10_-_11,_P._Binh_Tri_Dong",Binh_Tan,4.15,30000
BT_0278,Trai_Cay_4U,Cafe,Vietnamese,"53_Duong_So_6,_Khu_Dan_Cu_Thang_Long,_P._Binh_Tri_Dong",Binh_Tan,4.75,43500
BT_0279,Kafiti_Coffee_-_KDC_Ten_Lua,Cafe,Vietnamese,"100_Duong_So_19E,_KDC_Ten_Lua,_P._Binh_Tri_Dong_B",Binh_Tan,4.6,35000
BT_0280,Hai_Be_-_Com_Tam_&_Bun_Thit_Nuong,Bistro,Vietnamese,"703/9_Tinh_Lo_10,_P._Binh_Tri_Dong_B",Binh_Tan,3.3,36500
BT_0281,Co_Ba_-_Bun_Thit_Nuong_-_Tinh_Lo_10,Restaurant,Vietnamese,"588/19/14_Tinh_Lo_10,_P._Binh_Tri_Dong",Binh_Tan,4.2,29000
BT_0282,Minh_Phu_Coffee,Cafe,Vietnamese,"26D_Duong_So_18B,_P._Binh_Hung_Hoa_A",Binh_Tan,5,46500
BT_0283,Tra_Sua_Let's_Milk,Restaurant,Vietnamese,"62_Lien_Khu_2-5,_P._Binh_Tri_Dong",Binh_Tan,4.15,29000
BT_0284,OPPA_Milk_Tea_-_Duong_So_1,Cafe,Vietnamese,"211_Duong_So_1,_P._Binh_Tri_Dong_B",Binh_Tan,4.9,36500
BT_0285,Mi_Tron_Ten_Lua_-_Duong_So_21B,Bistro,Vietnamese,"31_Duong_So_21B,_P._Binh_Tri_Dong_B",Binh_Tan,3.1,45000
BT_0286,Kokochi_-_Juice_&_Smoothies_Healthy,Cafe,Vietnamese,"276/60_Huong_Lo_80,_P._Binh_Hung_Hoa_B",Binh_Tan,4.55,32000
BT_0287,Huyen_-_Com_Tam_Binh_Dan,Bistro,Vietnamese,"284_Tan_Hoa_Dong,_P._Binh_Tri_Dong",Binh_Tan,4,62500
BT_0288,Lang_Hai_San_Anh_Thu,Restaurant,Vietnamese,"172_Duong_M1,_P._Binh_Hung_Hoa",Binh_Tan,3.4,287500
BT_0289,Hu_Tieu_Ga_-_Phan_Anh,Bistro,Vietnamese,"79/29_Phan_Anh,_P._Binh_Tri_Dong",Binh_Tan,3.4,31000
BT_0290,Akeeng_-_Bun_Mi_Vang,Bistro,Vietnamese,"323_Duong_So_1,_P._Binh_Tri_Dong_B",Binh_Tan,3.9,30000
BT_0291,Pho_Gia_Bao_Ha_Noi,Bistro,Vietnamese,14_Duong_So_1,Binh_Tan,3.6,47500
BT_0292,Oc_Tu_Hang_-_Duong_So_19,Bistro,Vietnamese,118_Duong_So_19,Binh_Tan,3.05,50000
BT_0293,2_Con_Cua_-_Bun_Cha_Ha_Noi_&_Bun_Dau_Mam_Tom,Bistro,Vietnamese,"235_Duong_So_7,_P._Binh_Tri_Dong_B",Binh_Tan,3.15,40000
BT_0294,Tra_Sua_&_Rau_Ma_The_Bib,Cafe,Vietnamese,"458_Ho_Hoc_Lam,_P._An_Lac",Binh_Tan,4.2,32500
BT_0295,Quan_Nhau_Ba_Hon,Bistro,Vietnamese,224_Ten_Lua,Binh_Tan,3.6,87500
BT_0296,Mori_Coffee_-_Duong_So_7,Cafe,Vietnamese,"223_Duong_So_7,_P._Binh_Tri_Dong_B",Binh_Tan,4.5,42000
BT_0297,The_Notebook_Drinks_-_Tra_Sua_Dai_Loan,Cafe,Taiwanese,"384_Ten_Lua,_P._Binh_Tri_Dong_B",Binh_Tan,4.05,35000
BT_0298,Banh_Canh_Vit_Cai_Lay_-_Vanh_Dai_Trong,Bistro,Vietnamese,"206_-_208_Vanh_Dai_Trong,_P._Binh_Tri_Dong_B",Binh_Tan,3.6,37500
BT_0299,Bun_Bo_Goc_Hue_Phu_Loc_-_Le_Trong_Tan,Bistro,Vietnamese,"672_Le_Trong_Tan,_P._Binh_Hung_Hoa",Binh_Tan,3.6,40000
BT_0300,De_Tuoi_Vinh_Loc,Bistro,Vietnamese,"1N_Duong_A8,_KDC_Vinh_Loc,_P._Binh_Hung_Hoa_B",Binh_Tan,3.6,102500
BT_0301,Com_Ga_Xoi_Mo_Minh_Ky_-_Tinh_Lo_10,Bistro,Vietnamese,"979_Tinh_Lo_10,_P._Tan_Tao",Binh_Tan,4.2,32000
BT_0302,Bun_Rieu_79_-_Do_Nang_Te,Bistro,Vietnamese,"79_Do_Nang_Te,_P._An_Lac_A",Binh_Tan,4.85,32500
BT_0303,Bun_Dau_3_Chi_Em_-_Le_Van_Quoi,Bistro,Vietnamese,"291_Le_Van_Quoi,_P._Binh_Tri_Dong",Binh_Tan,4.45,40000
BT_0304,Pho_Tien,Bistro,Vietnamese,"31_Duong__So_21B,_P._Binh_Tri_Dong_B",Binh_Tan,4.3,27500
BT_0305,Y_Tuong_Cafe,Cafe,Vietnamese,"187_-_189_Vanh_Dai_Trong,_P._Binh_Tri_Dong",Binh_Tan,3.45,48500
BT_0306,Hoang_Ty_-_Dac_San_Trang_Bang,Restaurant,Vietnamese,"447_-_449_-_451_Tran_Van_Giau,_P._Binh_Tri_Dong_B",Binh_Tan,3.6,122500
BT_0307,Mi_Quang_Anh_Ba_-_Duong_So_15,Bistro,Vietnamese,"106_Duong_So_15,_P._Binh_Hung_Hoa",Binh_Tan,5,37500
BT_0308,Van_-_Com_Ga_Xoi_Mo,Bistro,Vietnamese,"532/1/23_Ten_Lua,_P._Binh_Tri_Dong",Binh_Tan,3.9,30000
BT_0309,Co_Xuan_-_Bun_Bo_Hue,Bistro,Vietnamese,180_Vanh_Dai_Trong,Binh_Tan,3.85,34500
BT_0310,Lampro_-_Kem_Y,Cafe,Vietnamese,"170_Ten_Lua,_P._Binh_Tri_Dong_B",Binh_Tan,4.3,30000
BT_0311,Sui_Cao_&_Mi_Vit_Tiem_-_Tinh_Lo_10,Bistro,Vietnamese,502_Tinh_Lo_10,Binh_Tan,3.1,32500
BT_0312,Tra_Sua_HAMA_CHA,Cafe,Vietnamese,"144_Ma_Lo,_P._Binh_Tri_Dong_A",Binh_Tan,4.45,37500
BT_0313,Mi_Cay_Te_Lua,Bistro,Vietnamese,"238D_Nguyen_Thi_Tu,_P._Binh_Hung_Hoa_A",Binh_Tan,3.95,37000
BT_0314,The_Lucky_Coffee,Cafe,Vietnamese,"136_Duong_So_7,_P._Binh_Tri_Dong_B",Binh_Tan,3.95,38500
BT_0315,Com_Ga_Xoi_Mo_365_-_Dac_Biet_Cac_Loai_Sot_-_Duong_So_1A,Bistro,Vietnamese,"266_Duong_So_1A,_P._Binh_Tri_Dong_B",Binh_Tan,3.8,47500
BT_0316,Pho_Bay_Cu_2,Bistro,Vietnamese,"263B_An_Duong_Vuong,_P._An_Lac",Binh_Tan,3.6,30000
BT_0317,Oc_Ruoc_Phu_Yen,Restaurant,Vietnamese,1014/15/11_Tan_Ky_Tan_Quy,Binh_Tan,3,37500
BT_0318,Bun_Thit_Nuong_-_Ten_Lua,Bistro,Vietnamese,"666A_Ten_Lua,_P._Binh_Tri_Dong_B",Binh_Tan,4.15,30000
BT_0319,Bao_Ky_Mi_Gia_-_Duong_24A,Bistro,Vietnamese,"95_Duong_So_24A,_P._Binh_Tri_Dong_B",Binh_Tan,3.95,30000
BT_0320,Z_04_-_Quan_Nhau_Binh_Dan,Bistro,Vietnamese,"Duong_So_16,_P._Binh_Tri_Dong_B",Binh_Tan,4.4,87500
BT_0321,Bun_Bo_Hue_429,Bistro,Vietnamese,"429_Tan_Hoa_Dong,_P._Binh_Tri_Dong",Binh_Tan,3.25,27500
BT_0322,Hu_Tieu_Phong,Bistro,Vietnamese,"Nguyen_Thuc_Duong,_Khu_Pho_3",Binh_Tan,3.8,37500
BT_0323,Lang_Que_-_Cac_Mon_An_Dac_San,Bistro,Vietnamese,11_Duong_So_1,Binh_Tan,4.1,137500
BT_0324,Cha_Lui_Nuong_Lagi_-_Duong_So_29,Restaurant,Vietnamese,"122_Duong_So_29_,_P._Binh_Tri_Dong_B",Binh_Tan,4.8,27500
BT_0325,Bo_Ne_Papa,Bistro,Vietnamese,33_-_35_Duong_So_1,Binh_Tan,3.45,45000
BT_0326,Co_Binh_-_Bun_Rieu_Cua_-_372_Vanh_Dai_Trong,Bistro,Vietnamese,"372_Vanh_Dai_Trong,_P._Binh_Tri_Dong_B",Binh_Tan,4.9,27500
BT_0327,Katea_Coffee_-_Ho_Ngoc_Lam,Cafe,Vietnamese,"306_Ho_Hoc_Lam,_P._An_Lac",Binh_Tan,4.15,35000
BT_0328,The_Lotus_Tea,Cafe,Vietnamese,"84_Nguyen_Thi_Tu,_P._Binh_Hung_Hoa_B",Binh_Tan,5,37500
BT_0329,Trai_Cay_To_N&D,Restaurant,Vietnamese,66_Duong_17A,Binh_Tan,4,27500
BT_0330,Bun_Ca_Kien_Giang,Bistro,Vietnamese,"113_Duong_So_29,_P._Binh_Tri_Dong_B",Binh_Tan,4.15,25000
BT_0331,Hu_Tieu_Nam_Vang_99,Bistro,Vietnamese,"99_Duong_So_19,_P._Binh_Tri_Dong_B",Binh_Tan,3.45,32000
BT_0332,TocoToco_Bubble_Tea_-_Le_Van_Quoi,Cafe,Vietnamese,"285_Le_Van_Quoi,_P._Binh_Tri_Dong",Binh_Tan,3.45,45000
BT_0333,Banh_Xeo_-_571_Tan_Ky_Tan_Quy,Bistro,Vietnamese,"571_Tan_Ky_Tan_Quy,_P._Binh_Hung_Hoa_A",Binh_Tan,3.7,25000
BT_0334,Tra_Sua_Won_Cha_-_Tinh_Lo_10,Cafe,Vietnamese,"893_Tinh_Lo_10,_P._Binh_Tri_Dong_B",Binh_Tan,3.4,38500
BT_0335,Huong_Que_-_Bun_Mam_&_Lau_Mam,Bistro,Vietnamese,"150_Binh_Thanh,_KP._5,_P._Binh_Hung_Hoa_B",Binh_Tan,3.7,111500
BT_0336,Hu_Tieu_71_-_Go_Xoai,Bistro,Vietnamese,"101H_Go_Xoai,_P._Binh_Hung_Hoa_A",Binh_Tan,3.85,39000
BT_0337,Com_Tam_3_The,Bistro,Vietnamese,107_Ten_Lua,Binh_Tan,3.1,28000
BT_0338,Tra_Sua_Ping_Cha_Binh_Tan,Cafe,Taiwanese,"136_Duong_So_24A,_P._Binh_Tri_Dong_B",Binh_Tan,3.15,33500
BT_0339,Bun_Ca_Chau_Doc_Thanh_Thuy,Bistro,Vietnamese,"25_Duong_So_15,_P._Binh_Hung_Hoa",Binh_Tan,4.6,34000
BT_0340,Pho_Bac_Hai_-_Huong_Lo_2,Bistro,Vietnamese,544_Huong_Lo_2,Binh_Tan,3.5,54000
BT_0341,Aroi_Aroi_Thai_Food_-_Restaurant,Restaurant,Vietnamese,"81/8/2A_Duong_18D,_P._Binh_Hung_Hoa_A",Binh_Tan,3.45,64000
BT_0342,TocoToco_Bubble_Tea_-_Vinh_Loc,Cafe,Vietnamese,"30_Duong_So_2,_P._Binh_Hung_Hoa_B",Binh_Tan,3.45,42500
BT_0343,Bien_Hen_-_Quan_Hai_San,Bistro,Vietnamese,"171_Binh_Thanh,_P._Binh_Hung_Hoa_B",Binh_Tan,4.7,164500
BT_0344,Citizen_Cafe,Cafe,Vietnamese,"92_Duong_So_7,_P._Binh_Tri_Dong_B",Binh_Tan,4.2,47000
BT_0345,TocoToco_Go_May_-_783_Le_Trong_Tan,Cafe,Vietnamese,"783_Le_Trong_Tan,_P._Binh_Hung_Hoa",Binh_Tan,4.05,42500
BT_0346,Cafe_IYO_-_Ca_Phe_Kem_Muoi_-_Duong_So_7,Cafe,Vietnamese,"157_Duong_So_7,_P._Binh_Tri_Dong_B",Binh_Tan,3.95,40500
BT_0347,"Ba_Chi_Em_-_Com_Chien,_Mi_Xao_&_Hu_Tieu_Xao",Bistro,Vietnamese,"114/8/3/1_Chien_Luoc,_P._Binh_Tri_Dong",Binh_Tan,4.75,49500
BT_0348,Hutong_-_Hotpot_Paradise_-_Aeon_Mall_Binh_Tan,Restaurant,Chinese,"Lo_T12,_Lau_3,_TTTM_AEON_Binh_Tan, So_1_Duong_So_17A",Binh_Tan,3.75,190000
BT_0349,Com_Nieu_Thien_Ly_-_Binh_Tan,Bistro,Vietnamese,"120_Duong_So_7,_P._Binh_Tri_Dong_B",Binh_Tan,4.25,65000
BT_0350,Com_Van_Phong_Home,Restaurant,Vietnamese,"353/1_Chien_Luoc,_P._Binh_Tri_Dong_A",Binh_Tan,3.1,65000
BT_0351,Royaltea_Shanghai_-_Duong_So_17A,Cafe,Chinese,"18_Duong_So_17A,_P._Binh_Tri_Dong_B",Binh_Tan,3.75,50000
BT_0352,Tra_Sua_Bumba_-_AEON_Mall_Binh_Tan,Cafe,Asian,"Tang_2,_Aeon_Mall_Binh_Tan,_1_Duong_So_17A,_P._Binh_Tri_Dong",Binh_Tan,3.3,40000
BT_0353,SaSin_-_Mi_Cay_7_Cap_Do_Han_Quoc_-_Duong_17A,Bistro,Korean,"30_Duong_So_17A,_P._Binh_Tri_Dong_B_(Doi_Dien_Aeon_Mall_Binh_Tan)",Binh_Tan,3.4,55000
BT_0354,Quan_Hai_Ly_-_Nem_Nuong_Soc_Trang,Bistro,Vietnamese,"182_Duong_So_1,_P._Binh_Tri_Dong_B",Binh_Tan,3.3,42500
BT_0355,Quan_31A_-_Duong_So_4,Bistro,Vietnamese,"15_Duong_So_4,_P._Binh_Tri_Dong_B",Binh_Tan,4,115000
BT_0356,Quan_Long_Ky_-_Com_Ga_Hai_Nam,Bistro,Vietnamese,"126_Duong_So_1,_P._Binh_Tri_Dong_B",Binh_Tan,3.3,37000
BT_0357,Orchard_Road_-_Am_Thuc_Duong_Pho_Singapore_-_Aeon_Mall_Binh_Tan,Bistro,Singapore,"Tang_3,_Aeon_Mall_Binh_Tan,_1_Duong_So_17A,_P._Binh_Tri_Dong_B",Binh_Tan,3.4,115000
BT_0358,Tien_Phat_-_Hu_Tieu_Nam_Vang_-Go_Xoai,Bistro,Vietnamese,"81C_Go_Xoai,_P._Binh_Hung_Hoa_A",Binh_Tan,4.5,65000
BT_0359,Kem_Bo_Da_Lat_-_Huong_Lo_2,Cafe,Vietnamese,"541_Huong_Lo_2,_P._Binh_Tri_Dong",Binh_Tan,3.45,32500
BT_0360,Bun_Mam_&_Bun_Nuoc_Leo,Bistro,Vietnamese,44_Ma_Lo,Binh_Tan,4.2,30000
BT_0361,Oc_Quyen_2,Bistro,Vietnamese,159/1_Binh_Thanh,Binh_Tan,3.4,115000
BT_0362,O_Tu_-_Bun_Bo_Hue_-_Duong_So_1,Bistro,Vietnamese,"143_Duong_So_1,_P._Binh_Tri_Dong_B",Binh_Tan,3.1,42500
BT_0363,Tasaki_BBQ_-_Nuong_Than_Hoa_Nhat_Ban_-_AEON_Mall_Binh_Tan,Restaurant,Japanese,"Tang_3_AEON_Mall_Binh_Tan,_1_Duong_So_17A,_P._Binh_Tri_Dong",Binh_Tan,3.4,615000
BT_0364,Hai_Quang_II_-_Ga_Ac_Tiem_Thuoc_Bac,Bistro,Vietnamese,"233_Vanh_Dai_Trong,_P._Binh_Tri_Dong_B",Binh_Tan,3.7,42500
BT_0365,Quan_Ca_Nuong_&_Diem_Tam,Bistro,Vietnamese,"81C_Go_Xoai,_P._Binh_Hung_Hoa_A",Binh_Tan,4.8,65000
BT_0366,Thien_Phuc_-_Oc_&_Hai_San,Restaurant,Vietnamese,"117_Ho_Van_Long,_P._Tan_Tao",Binh_Tan,4.35,40000
BT_0367,Lang_Nuong_G20,Bistro,Vietnamese,"565_An_Duong_Vuong,_P._An_Lac_A",Binh_Tan,3.4,265000
BT_0368,Windsong_II_Cafe,Cafe,Vietnamese,"121/2_Khieu_Nang_Tinh,_P._An_Lac",Binh_Tan,3.5,42500
BT_0369,Quan_Com_Chay_Dieu_Hanh,Bistro,Vietnamese,"527_Tinh_Lo_10,_P._An_Lac_A",Binh_Tan,3.75,48000
BT_0370,Quan_Com_Thanh_Tien_3,Bistro,Vietnamese,"51_Duong_So_1,_P._Binh_Tri_Dong_B",Binh_Tan,4,48000
BT_0371,Kim_Hien_-_Ga_Ta_Hoi_An,Bistro,Vietnamese,"164_Duong_So_7,_P._Binh_Tri_Dong_B",Binh_Tan,4.55,48000
BT_0372,Susu_Shop_-_Banh_Trung_Thu_Rau_Cau_-_Restaurant,Restaurant,Asian,305_Le_Van_Quoi,Binh_Tan,3.9,45000
BT_0373,Quan_Bun_Mam_Thu_Thao,Bistro,Vietnamese,"607_Tinh_Lo_10,_P._Binh_Tri_Dong_B",Binh_Tan,3.25,48000
BT_0374,Hy_Lam_Mon_-_Tinh_Lo_10,Bakery,Vietnamese,"885_Tinh_Lo_10,_P._Binh_Tri_Dong_B",Binh_Tan,3.8,97500
BT_0375,Thao_Van_-_Com_Tam,Bistro,Vietnamese,"53_Duong_So_5,_P._An_Lac_A",Binh_Tan,3.55,40000
BT_0376,Lo_Dat_BBQ,Bistro,Vietnamese,"81_Phan_Anh,_P._Binh_Tri_Dong",Binh_Tan,3.85,115000
BT_0377,"An_Ky_-_Com_Chien,_Mi_&_Hu_Tieu_Xao",Bistro,Vietnamese,"788_Tinh_Lo_10,_P._Binh_Tri_Dong",Binh_Tan,3.9,37500
BT_0378,Bun_Mam_Hung_Map,Bistro,Vietnamese,745_Tinh_Lo_10,Binh_Tan,4.25,30000
BT_0379,Quan_Oc_Bin,Restaurant,Vietnamese,31A/30_Nguyen_Quy_Yem,Binh_Tan,4.1,40000
BT_0380,3T_Quan_-_Quan_An_Binh_Dan,Bistro,Vietnamese,"296_Ten_Lua,_P._Binh_Tri_Dong_B",Binh_Tan,4.25,65000
BT_0381,Gian_Tea_-_Ten_Lua,Cafe,Vietnamese,"61_Ten_Lua,_P._Binh_Tri_Dong_B",Binh_Tan,4.65,45000
BT_0382,Bun_Bap_Bo_-_Duong_So_7,Bistro,Vietnamese,96_Duong_So_7,Binh_Tan,3.8,40000
BT_0383,Quan_Oc_Bon_Xa,Bistro,Vietnamese,"225_Le_Van_Quoi,_P._Binh_Tri_Dong",Binh_Tan,4.85,90000
BT_0384,Fuji_-_Nuong_Than_Hai_San_BBQ,Bistro,Vietnamese,"386_Tan_Hoa_Dong,_P._Binh_Tri_Dong",Binh_Tan,3.6,65000
BT_0385,Hong_Nga_-_Com_Ga_Tam_Ky,Bistro,Vietnamese,174_Ten_Lua,Binh_Tan,4.3,30000
BT_0386,Quan_Oc_545A,Bistro,Vietnamese,"545A_Huong_Lo_2,_Binh_Tri_Dong",Binh_Tan,4,40000
BT_0387,Mai_Ghe_Ha_-_Nhau_Binh_Dan,Bistro,Vietnamese,"439_Ten_Lua,_P._Binh_Tri_Dong_B",Binh_Tan,4.35,165000
BT_0388,Oc_Nguyen_Thanh_-_Chuyen_Oc_Dua_Rang_Muoi,Restaurant,Vietnamese,"184/34_Le_Dinh_Can,_P._Tan_Tao",Binh_Tan,4.5,50000
BT_0389,Com_Ga_Xoi_Mo_Sang_Ky,Bistro,Vietnamese,"399_Tinh_Lo_10,_P._An_Lac_A",Binh_Tan,3.15,48000
BT_0390,Quan_Com_Ga_Thien_Thien,Bistro,Vietnamese,"199_Duong_So_1,_P._Binh_Tri_Dong_B",Binh_Tan,3.7,48000
BT_0391,Com_Ga_Xoi_Mo_Minh_Ky_II,Bistro,Vietnamese,"621_Tinh_Lo_10,_P._Binh_Tri_Dong_B",Binh_Tan,4.3,48000
BT_0392,Chi_Huyen_-_Hu_Tieu_&_Mi_Sui_Cao_-_An_Duong_Vuong,Bistro,Vietnamese,"669_An_Duong_Vuong,_P._Binh_Tri_Dong",Binh_Tan,4.6,32500
BT_0393,Bot_CakeHouse_-_Restaurant,Restaurant,Vietnamese,"Ho_Hoc_Lam,_P._An_Lac",Binh_Tan,3.85,115000
BT_0394,Com_Tam_Lan_Vy,Bistro,Vietnamese,"1075_Tinh_Lo_10,_P._Tan_Tao",Binh_Tan,3,48000
BT_0395,Bun_Mam_Bac_Lieu_-_Duong_So_1,Bistro,Vietnamese,"195_Duong_So_1,_P._Binh_Tri_Dong_B",Binh_Tan,3.05,48000
BT_0396,Tiger_Food_-_Restaurant,Restaurant,Vietnamese,"353/1_Chien_Luoc,_P._Binh_Tri_Dong_A",Binh_Tan,4.25,40000
BT_0397,Quan_An_Loc_Ky,Bistro,Vietnamese,"148_Duong_So_5,_P._Binh_Hung_Hoa",Binh_Tan,3.45,40000
BT_0398,Bun_Bo_Hue_Ut_Hue,Bistro,Vietnamese,"53A_Ma_Lo,_P._Binh_Tri_Dong_A",Binh_Tan,4.05,40000
BT_0399,Thien_Phu_LoGia_Coffee_&_Restaurant,Restaurant,Vietnamese,"8A_Go_Xoai,_P._Binh_Hung_Hoa_A",Binh_Tan,4.5,55000
BT_0400,Sai_Gon_Food_&_Market_-_Restaurant,Restaurant,Vietnamese,"41_Duong_So_4,_P._Binh_Tri_Dong_B",Binh_Tan,4,115000
BT_0401,Quan_Mi_Quang_Han_-_Go_Xoai,Bistro,Vietnamese,"110_Go_Xoai,_P._Binh_Hung_Hoa_A",Binh_Tan,4.15,40000
BT_0402,Quan_So_Bo,Bistro,Vietnamese,"327_Binh_Tri_Dong,_P._Binh_Tri_Dong",Binh_Tan,4.4,95000
BT_0403,Kim_Lac_Khang_Dimsum,Bistro,Chinese,"28_Duong_So_24A,_P._Binh_Tri_Dong_B",Binh_Tan,4.1,65000
BT_0404,Hu_Tieu_Sang_Ky,Bistro,Vietnamese,"98B_Truong_Phuoc_Phan,_P._Binh_Tri_Dong",Binh_Tan,3.5,32500
BT_0405,An_Khang_-_Banh_Khot_&_Goi_Cuon_-_Tan_Ky_Tan_Quy,Bistro,Vietnamese,"816_Tan_Ky_Tan_Quy,_P._Binh_Hung_Hoa_A",Binh_Tan,3.9,45000
BT_0406,Nha_Hang_Tri_Vi_Cu_-_Mon_Hoa,Restaurant,Chinese,"147_-_149_Duong_So_7,_P._Binh_Tri_Dong_B",Binh_Tan,3.45,165000
BT_0407,Vi_Hue_-_Ngon_Rua_He,Bistro,Vietnamese,165_Duong_So_6,Binh_Tan,4.5,42500
BT_0408,Ga_Ta_Tam_Ky_272,Bistro,Vietnamese,"272_Ten_Lua,_P._Binh_Tri_Dong_B",Binh_Tan,4.6,42500
BT_0409,Nhung_Nguoi_Ban_-_Quan_An_Sinh_Thai_Gia_Dinh_&_Cau_Ca_Giai_Tri,Bistro,Vietnamese,"60/13_Nguyen_Van_Cu,_P._Tan_Tao_A",Binh_Tan,4,115000
BT_0410,Quan_Pho_Thuy,Bistro,Vietnamese,"663_Tinh_Lo_10,_P._Binh_Tri_Dong_B",Binh_Tan,3.6,30000
BT_0411,Banh_Sau_Rieng_95,Restaurant,Vietnamese,"106/1/12_Dinh_Nghi_Xuan,_P._Binh_Tri_Dong",Binh_Tan,4.75,80000
BT_0412,"Phu_Ky_-_Com,_Mi_&_Hu_Tieu_Xao",Bistro,Vietnamese,"666_Ten_Lua,_P._Binh_Tri_Dong_B",Binh_Tan,3.9,40000
BT_0413,Hong_Ky_Mi_Gia,Bistro,Chinese,"2_Duong_So_4,_P._An_Lac",Binh_Tan,3.4,91000
BT_0414,Pho_Viet_-_Le_Trong_Tan,Bistro,Vietnamese,"595_Le_Trong_Tan,_P._Binh_Hung_Hoa",Binh_Tan,4.45,43500
BT_0415,Mi_Quang_Pho_Hoi_-_Duong_So_18,Bistro,Vietnamese,"64_Duong_So_18,_P._Binh_Hung_Hoa",Binh_Tan,4.45,38500
BT_0416,"Tan_Hao_Ky_-_Com_Chien,_Nui_&_Mi_Xao",Bistro,Vietnamese,419_Tran_Van_Giau,Binh_Tan,4.05,35000
BT_0417,Chien_Ky_-_Hu_Tieu_De,Bistro,Vietnamese,7_Mieu_Binh_Dong,Binh_Tan,4.5,38500
BT_0418,Zone_One_Food_&_Beer,Bistro,Vietnamese,"374A_Le_Van_Quoi,_P._Binh_Hung_Hoa_A",Binh_Tan,4.25,196000
BT_0419,Gong_Cha_Juice_And_Coffee,Cafe,Taiwanese,"141_Duong_So_19,_P._Binh_Tri_Dong_B",Binh_Tan,3.8,46000
BT_0420,Singfood_-_Com_Ga_&_Mi_Vit,Bistro,Vietnamese,"11_Do_Nang_Te,_P._An_Lac_A",Binh_Tan,3.65,167500
BT_0421,Vi_Sai_Gon_-_Bun_Thit_Nuong_-_Duong_1C,Restaurant,Vietnamese,"11/3_Duong_1C,_P._Binh_Hung_Hoa_A",Binh_Tan,3.6,45000
BT_0422,Binh_An_Mi_Keo,Bistro,Chinese,"273_Duong_So_7,_P._Binh_Tri_Dong_B",Binh_Tan,3.7,42500
BT_0423,Mocca_Cafe_-_Duong_So_1,Cafe,Vietnamese,"174_-_176_Duong_So_1,_P._Binh_Tri_Dong_B",Binh_Tan,3.35,48000
BT_0424,Hu_Tieu_Muc_Ong_Gia_Cali_-_Duong_So_7,Bistro,Vietnamese,"140_Duong_So_7,_P._Binh_Tri_Dong_B",Binh_Tan,3.4,46500
BT_0425,Banh_Canh_Dac_San_Da_Nang,Bistro,Vietnamese,"702_Ten_Lua,_P._Binh_Tri_Dong_B",Binh_Tan,4.5,45000
BT_0426,Com_Ngon_-_Lau_Cong_Chua_-_AEON_Mall_Binh_Tan,Bistro,Vietnamese,"Lo_SF5_-_SF6,_Tang_2_AEON_Mall_Binh_Tan,_1_Duong_So_17A,_P._Binh_Tri_Dong_B",Binh_Tan,3,50500
BT_0427,Ha_Lan_-_Be_Thui_&_De_Tuoi,Bistro,Vietnamese,"303_Phan_Anh,_P._Binh_Tri_Dong",Binh_Tan,4.8,92500
BT_0428,Quan_Oc_Sinh_Vien_2,Bistro,Vietnamese,147-147A_Le_Van_Quoi,Binh_Tan,3.8,61500
BT_0429,Nong_Gia_Food_-_Bep_Gia_Dinh,Bistro,Vietnamese,"135_Ma_Lo,_P_Binh_Tri_Dong_A",Binh_Tan,5,42500
BT_0430,Com_Ga_Xoi_Mo_A_Hoi_-_Binh_Tri_Dong,Bistro,Vietnamese,"168/86/14/30_Binh_Tri_Dong,_P._Binh_Tri_Dong",Binh_Tan,4.8,40000
BT_0431,"S'Shop_-_Kho_Bo,_Kho_Ga_&_Cha_Bong_-_Restaurant",Restaurant,Vietnamese,"480/22_Tinh_Lo_10,_P._Binh_Tri_Dong",Binh_Tan,3.55,147500
BT_0432,Com_Ga_688,Bistro,Vietnamese,"688/15_Tan_Ky_Tan_Quy,_P._Binh_Hung_Hoa",Binh_Tan,4.1,89500
BT_0433,Co_Tham_-_Bun_Mam,Bistro,Vietnamese,70_Duong_So_2,Binh_Tan,3.1,36000
BT_0434,Lam's_House_-_An_Vat_Online,Restaurant,Vietnamese,"322/64_Ap_Chien_Luoc,_P._Binh_Tri_Dong_A",Binh_Tan,3.6,202500
BT_0435,Quan_An_79_-_Binh_Hung_Hoa_B,Bistro,Vietnamese,"79_Nguyen_Thi_Tu,_KP._3,_P._Binh_Hung_Hoa_B",Binh_Tan,3.2,92500
BT_0436,Dac_San_Mien_Trung,Bistro,Vietnamese,"309_Ten_Lua,_P._Binh_Tri_Dong_B",Binh_Tan,3.25,41500
BT_0437,Kimono_-_Coffee_&_Tea_Shop,Cafe,Vietnamese,"Tang_Tret_A7001_-_A8010_Can_Ho_Ehome_3_Tay_Sai_Gon,_103_Ho_Hoc_Lam",Binh_Tan,4.7,43000
BT_0438,Be_Thui_Huynh_De,Bistro,Vietnamese,"1-_2/16_Duong_5C,_P._Binh_Hung_Hoa_A",Binh_Tan,4.8,119500
BT_0439,KOI_The_-_AEON_Mall_Binh_Tan,Cafe,Singapore,"Lo_F29B,_Tang_1,_Aeon_Mall_Binh_Tan,_1_Duong_So_17A,_P._Binh_Tri_Dong",Binh_Tan,3.65,50000
BT_0440,Wrap&Roll_-_AEON_Mall_Binh_Tan,Restaurant,Vietnamese,"Lo_T22,_Tang_3,_AEON_Mall_Binh_Tan,_1_Duong_So_17A,_P._Binh_Tri_Dong",Binh_Tan,3.2,100000
BT_0441,Hu_Tiu_Mi_Hung_Ky_-_Tinh_Lo_10,Bistro,Vietnamese,"312_Tinh_Lo_10,_P._Binh_Tri_Dong",Binh_Tan,3.8,50000
BT_0442,Vi_Huong_Mi_Gia_-_AEON_Mall_Binh_Tan,Bistro,Chinese,"Tang_2,_Aeon_Mall_Binh_Tan,_1_Duong_So_17A,_P._Binh_Tri_Dong",Binh_Tan,3.8,45000
BT_0443,Tuong_Phat_-_Hu_Tieu_Nam_Vang_-_Duong_So_7,Bistro,Vietnamese,"31_Duong_So_7,_P._An_Lac",Binh_Tan,3.8,45000
BT_0444,Royaltea_-_Nguyen_Cuu_Phu,Cafe,Chinese,"4449_Nguyen_Cuu_Phu,_P._Tan_Tao_A",Binh_Tan,3.15,50000
BT_0445,Nha_Hang_Phu_Nhi_Dai,Restaurant,Chinese,"159_Duong_So_7,_P._Binh_Tri_Dong_B",Binh_Tan,3.75,70000
BT_0446,Chao_Ech_Singapore_A_Lep,Bistro,Singapore,"488_Tinh_Lo_10,_P._Binh_Tri_Dong",Binh_Tan,4.45,50000
BT_0447,Quan_Gio_Bien_-_Hai_San_Tuoi_Song,Bistro,Vietnamese,"79_Duong_So_19,_P._Binh_Tri_Dong_B",Binh_Tan,3.7,64000
BT_0448,Dinh_Thuong_Vuong_-_Quan_Pha_Lau,Bistro,Vietnamese,"58_-_60_Duong_So_54,_P._Tan_Tao",Binh_Tan,3.3,70000
BT_0449,Bep_Ba_Hai_-_Chan_Ga_Sa_Tac_-_Restaurant,Restaurant,Vietnamese,"297/12_Tan_Hoa_Dong,_P._Binh_Tri_Dong",Binh_Tan,4.5,95000
BT_0450,Yau_Chan_-_Mi_Vit_Tiem_-_Duong_So_1A,Bistro,Chinese,"58_Duong_So_1A,_P._Binh_Tri_Dong_B",Binh_Tan,3,70000
BT_0451,Kem_BUD'S_-_Aeon_Mall_Binh_Tan,Cafe,USA,"Tang_2,_Aeon_Mall_Binh_Tan,_1_Duong_So_17A,_P._Binh_Tri_Dong_B",Binh_Tan,3.25,64000
BT_0452,A_Koi_-_Chao_Ech_Singapore,Bistro,Vietnamese,"137_Go_Xoai,_P._Binh_Hung_Hoa_A",Binh_Tan,4.2,370000
BT_0453,Bun_Bo_Co_Sim,Bistro,Vietnamese,"329_Vanh_Dai_Trong,_P._Binh_Tri_Dong_B",Binh_Tan,3.7,45000
BT_0454,Bun_Mam_Lan_Anh,Bistro,Vietnamese,417_-_419_Tinh_Lo_10,Binh_Tan,3.8,40000
BT_0455,"Duong_Ky_-_Mi,_Hu_Tieu_&_Hoanh_Thanh",Bistro,Vietnamese,344_Ten_Lua,Binh_Tan,3.45,40000
BT_0456,Me.69_-_Chao_Ech_Singapore,Bistro,Singapore,"144_Duong_So_19,_P._Binh_Tri_Dong_B",Binh_Tan,5,72000
BT_0457,Yomisumo_Shop_-_Banh_Nhat_Online,Restaurant,Japanese,Ten_Lua,Binh_Tan,3.75,142500
BT_0458,BJ_Tokbokki_-_Aeon_Mall_Binh_Tan,Bistro,Vietnamese,"Tang_2_Aeon_Mall_Binh_Tan,_1_Duong_So_17A,_P._Binh_Tri_Dong_B",Binh_Tan,4.1,170000
BT_0459,Nha_Hang_Quynh_Anh,Restaurant,Vietnamese,"56_-_58_-_60_Vanh_Dai_Trong,_P._An_Lac_A",Binh_Tan,3.7,160000
BT_0460,Am_Thuc_Dong_Que,Restaurant,Vietnamese,"666_Le_Trong_Tan,_P._Binh_Hung_Hoa",Binh_Tan,3.45,325000
BT_0461,Osaka_Ohsho_Aeon_Mall_Binh_Tan_-_Quan_Mi_Ramen_-_Gyoza_Nhat_Ban,Restaurant,Japanese,"Lau_3_Aeon_Mall_Binh_Tan,_Duong_So_17A,_P._Binh_Tri_Dong_B",Binh_Tan,3.75,100000
BT_0462,TH_True_Mart_-_Duong_So_1_Quan_Binh_Tan,Cafe,Vietnamese,"88_Duong_So_1,_P._Binh_Tri_Dong_B",Binh_Tan,3.1,75000
BT_0463,Hotpot_Story_Aeon_Mall_Binh_Tan,Restaurant,Thailand,"Lo_T06,_Tang_3,_Aeon_Mall_Binh_Tan,_1_Duong_So_17A,_Phuong_Binh_Tri_Dong_B",Binh_Tan,3.4,40000
BT_0464,Papas'_Chicken_-_AEON_Mall_Binh_Tan,Restaurant,Korean,"Tang_2,_Aeon_Mall_Binh_Tan,_1_Duong_So_17A,_P._Binh_Tri_Dong_B",Binh_Tan,3.2,75000
BT_0465,Texas_Chicken_-_Aeon_Mall_Binh_Tan,Restaurant,USA,"Tang_3,_Aeon_Mall_Binh_Tan,_1_Duong_So_17A,_P._Binh_Tri_Dong_B",Binh_Tan,3.15,150000
BT_0466,Khao_Lao_AEON_Mall_Binh_Tan,Restaurant,Asian,"Lo_25,_Tang_3,_AEON_Mall_Binh_Tan,_1_Duong_So_17A,_P._Binh_Tri_Dong",Binh_Tan,3.6,150000
BT_0467,A_Xin_-_Chan_Ga_Rut_Xuong_Ngam_Sa_Tac_-_Nguyen_Hoi_-_Restaurant,Restaurant,Vietnamese,"27_Nguyen_Hoi,_P._An_Lac",Binh_Tan,4.95,125000
BT_0468,Pho_Oc_-_Hai_San_Tuoi_Song,Restaurant,Vietnamese,"16_Duong_So_4,_P._An_Lac_A",Binh_Tan,3.45,30500
BT_0469,Quan_Bach_Tuoc_Nuong,Bistro,Vietnamese,"258_Kinh_Duong_Vuong,_P._An_Lac",Binh_Tan,3.55,125000
BT_0470,Kem_Baskin_Robbins_-_Aeon_Mall_Binh_Tan,Cafe,USA,"Tang_3,_Aeon_Mall_Binh_Tan,_1_Duong_So_17A,_P._Binh_Tri_Dong_B",Binh_Tan,3.45,75000
BT_0471,Phoenix_Beer_Club,Bistro,Vietnamese,"435-441_Tran_Van_Giau,_P._Binh_Tri_Dong_B",Binh_Tan,4.45,275000
BT_0472,Mi_Cay_Seoul_-_Duong_So_17A,Bistro,Korean,"36_Duong_So_17A,_P._Binh_Tri_Dong_B",Binh_Tan,3.6,75000
BT_0473,Nha_Hang_Be_Vang_-_Hai_San_&_Be_Thui_Nong,Restaurant,Vietnamese,"110A_-_112__Vanh_Dai_Trong,_P._Binh_Tri_Dong_B",Binh_Tan,3.6,135000
BT_0474,Quan_80_-_Lau_Ga_Noi,Bistro,Vietnamese,"107_-_109_Duong_So_4,_P._An_Lac_A",Binh_Tan,3.7,100000
BT_0475,Lau_De_Hai_Nam,Bistro,Vietnamese,"232_Duong_So_1,_P._Binh_Tri_Dong_B",Binh_Tan,3.25,91000
BT_0476,Fuji_Sakura_-_Am_Thuc_Nhat_Ban_-_AEON_Mall_Binh_Tan,Restaurant,Japanese,"Tang_3,_AEON_Mall_Binh_Tan,_1_Duong_So_17A,_P._Binh_Tri_Dong",Binh_Tan,3.45,125000
BT_0477,Mai_Ghe_Nua_-_Mon_Nuong,Bistro,Vietnamese,"132_Duong_So_19,_P._Binh_Tri_Dong_B",Binh_Tan,3.15,91000
BT_0478,An_Vat_Hello_Kitty_-_Restaurant,Restaurant,Vietnamese,,Binh_Tan,4.25,50000
BT_0479,Hai_San_Oc_19A,Bistro,Vietnamese,125_Go_Xoai,Binh_Tan,5,125000
BT_0480,Meiwei_-_Trung_Hoa_My_Vi_-_Aeon_Mall_Binh_Tan,Restaurant,Asian,"Tang_3_Aeon_Mall_Binh_Tan,_1_Duong_So_17A,_P._Binh_Tri_Dong",Binh_Tan,4.3,275000
BT_0481,De_Tuoi_Ten_Lua_3,Bistro,Vietnamese,259_Ten_Lua,Binh_Tan,4.4,200000
BT_0482,Pho_A_-_Pho_&_Cuon_-_AEON_Mall_Binh_Tan,Restaurant,Vietnamese,"Tang_2,_AEON_Mall_Binh_Tan,_1_Duong_So_17A,_P._Binh_Tri_Dong",Binh_Tan,3.45,125000
BT_0483,Com_Tho_Yellow_Pot_-_AEON_Mall_Binh_Tan,Restaurant,Vietnamese,"Tang_3,_AEON_Mall_Binh_Tan,_1_Duong_So_17A,_P._Binh_Tri_Dong",Binh_Tan,3.65,125000
BT_0484,Vit_Quay_-_Quoc_Lo_1A,Bistro,Vietnamese,"Quoc_Lo_1A,_P._Binh_Hung_Hoa_B",Binh_Tan,3.65,125000
BT_0485,Ao_Ca_Sinh_Vien_-_Hai_San_Tuoi_Song,Bistro,Vietnamese,820_Tan_Ky_Tan_Quy,Binh_Tan,3.7,125000
BT_0486,The_Juicery_&_Smoothie_-_Restaurant,Restaurant,Vietnamese,"58/1/9_Lien_Khu_10_-_11,_P._Binh_Tri_Dong",Binh_Tan,3.3,135000
BT_0487,Spring_House_Dimsum_&_Noodle,Restaurant,Chinese,"183_Vanh_Dai_Trong,_Phuong_Binh_Tri_Dong_B,_Quan_Binh_Tan",Binh_Tan,3.9,225000
BT_0488,Khang_Khang_-_Bun_Cha_Ha_Noi,Bistro,Vietnamese,"291_Duong_So_1,_P._Binh_Tri_Dong_B",Binh_Tan,3.2,75000
BT_0489,An_Vat_Sun_&_Song_Khanh_Bakery,Bakery,Vietnamese,"631/16_Tinh_Lo_10,_P._Binh_Tri_Dong",Binh_Tan,3.8,125000
BT_0490,Cau_Xanh_Quan_-_Dat_Moi,Restaurant,Vietnamese,"146D_Dat_Moi,_Binh_Tri_Dong",Binh_Tan,3.45,775000
BT_0491,Mi_Cay_Seoul_-_Vanh_Dai_Trong,Bistro,Korean,"230_Vanh_Dai_Trong,_P._Binh_Tri_Dong",Binh_Tan,3.45,75000
BT_0492,Quan_Moc_Nuong,Bistro,Vietnamese,282_Tien_Lua,Binh_Tan,4.1,100000
BT_0493,The_Pizza_Company_-_Le_Van_Quoi,Restaurant,Italian,"239_Le_Van_Quoi,_P._Binh_Tri_Dong",Binh_Tan,3.65,150000
BT_0494,Bao_Ngoc_-_Vit_Quay_Moc_Mat,Bistro,Vietnamese,"2_Duong_So_6,_P._Binh_Hung_Hoa_B",Binh_Tan,4.2,125000
BT_0495,Quan_An_San_Vuon_Hoa_Cau,Bistro,Vietnamese,156A_Le_Tan_Be,Binh_Tan,4.15,125000
BT_0496,Banh_Xeo_Quang_Ngai_-_Ho_Van_Long,Bistro,Vietnamese,"34_Ho_Van_Long,_P._Binh_Hung_Hoa_B",Binh_Tan,3.65,75000
BT_0497,FLANMAN_-_Banh_Flan_Trai_Dua_Sai_Gon,Bistro,Vietnamese,"8/20_Le_Van_Quoi,_P._Binh_Hung_Hoa_A",Binh_Tan,5,67500
BT_0498,Biscotti_-_Banh_Hat_Dinh_Duong_-_Lien_Khu_5_-_6,Bakery,Vietnamese,"118/48/43/35_Lien_Khu_5_-_6,_P._Binh_Hung_Hoa_B",Binh_Tan,5,105000
BT_0499,Artisan_Baked_-_Banh_Biscotti_-_Lien_Khu_5_-_6,Bakery,Vietnamese,"118/48/43/35_Lien_Khu_5_-_6,_P._Binh_Hung_Hoa_B.",Binh_Tan,4.95,90000
BT_0500,Set_Ky_Quan_-_Duong_So_19,Bistro,Vietnamese,"67_Duong_So_19,_P._Binh_Tri_Dong_B",Binh_Tan,3.85,155000
BT_0501,Lau_Ga_Noi,Bistro,Vietnamese,"48A_Truong_Phuoc_Phan,_P._Binh_Tri_Dong",Binh_Tan,4.4,85000
BT_0502,Cha_Ca_Cua_Ma_-_Restaurant,Restaurant,Vietnamese,"Block_A3,_Chung_Cu_Ehome_3,_Ho_Hoc_Lam,_P._An_Lac",Binh_Tan,5,70000
BT_0503,Kim_Korean_Food_-_AEON_Mall_Binh_Tan,Bistro,Korean,"Tang_2,_Aeon_Mall_Binh_Tan,_1_Duong_So_17A,_P._Binh_Tri_Dong",Binh_Tan,3.8,89500
BT_0504,An_Vat_Shop_-_Restaurant_Binh_Tan,Restaurant,Vietnamese,"13_Hoang_Van_Hop,_P._An_Lac_A",Binh_Tan,3.6,105000
BT_0505,Le_Da_Cafe_-_Le_Van_Quoi,Cafe,Vietnamese,"Le_Van_Quoi,_P._Binh_Hung_Hoa_A",Binh_Tan,3.45,96000
BT_0506,Ruoc_Ca_Hoi_Me_Min_-_Restaurant,Restaurant,Vietnamese,"4449_Nguyen_Cuu_Phu,_P._Tan_Tao_A",Binh_Tan,5,232500
BT_0507,Bao's_House_-_Bong_Lan_Trung_Muoi,Restaurant,Vietnamese,199_Phan_Anh,Binh_Tan,3.9,145000
BT_0508,Banh_Sau_Rieng_-_Restaurant,Restaurant,Vietnamese,"1028/54_Tan_Ky_Tan_Quy,_P._Binh_Hung_Hoa",Binh_Tan,3.6,75000
BT_0509,Banh_Mi_Pho_Mai_-_Restaurant,Restaurant,Vietnamese,"58/1_Nguyen_Trong_Tri,_P._An_Lac_A",Binh_Tan,3.1,80000
BT_0510,Marukame_Udon_-_Udon_&_Tempura_-_AEON_Mall_Binh_Tan,Restaurant,Japanese,"Lo_T5,_Tang_3,_Aeon_Mall_Binh_Tan,_1_Duong_So_17A,_P._Binh_Tri_Dong",Binh_Tan,3.8,90000
BT_0511,Tokyo_Deli_Express_-_Sushi_-_Ten_Lua,Restaurant,Japanese,"306_-_308_Ten_Lua,_P._Binh_Tri_Dong_B",Binh_Tan,3.95,140000
BT_0512,Thai_Samyan_-_Am_Thuc_Thai,Restaurant,Vietnamese,"110_Duong_So_6,_P._An_Lac_A,_Binh_Tan",Binh_Tan,4.8,415000
BT_0513,Chu_Teo_Buffet_Nuong_99K_-_Nguyen_Thi_Tu,Restaurant,Vietnamese,"229_Nguyen_Thi_Tu,_P._Binh_Hung_Hoa_B",Binh_Tan,3.95,109000
BT_0514,Alibaba_-_Buffet_Tu_Chon_119K_-_Tan_Ky_Tan_Quy,Restaurant,Vietnamese,"961_Tan_Ky_Tan_Quy,_P._Binh_Hung_Hoa_A",Binh_Tan,3.7,149000
BT_0515,Queen_Durian_-_Sau_Rieng_Say_-_Restaurant,Restaurant,Vietnamese,"39_Duong_So_17,_P._Binh_Tri_Dong_B",Binh_Tan,3.65,129000
BT_0516,Nha_Hang_Nuong_Khong_Khoi,Restaurant,Vietnamese,"330A_Huong_Lo_80,_P._Binh_Hung_Hoa_B",Binh_Tan,3.3,299500
BT_0517,Sumo_BBQ_-_Aeon_Mall_Binh_Tan_-_Buffet_Nuong_&_Lau,Restaurant,Japanese,"Tang_Tret_Aeon_Mall_Binh_Tan,_1_Duong_So_17A,_P._Binh_Tri_Dong",Binh_Tan,4.25,375000
BT_0518,Trung_Tam_Hoi_Nghi_Tiec_Cuoi_Dai_Hy_Garden,Restaurant,Vietnamese,"4429A_Nguyen_Cuu_Phu,_P._Tan_Tao_A",Binh_Tan,4.1,3290000
BT_0519,Crystal_Jade_Kitchen_-_AEON_Mall_Binh_Tan_-_Nha_Hang_Quang_Dong,Restaurant,Chinese,"Lau_3,_Aeon_Mall_Binh_Tan,_532A_Kinh_Duong_Vuong,_P._Binh_Tri_Dong",Binh_Tan,3.75,150000
BT_0520,Thai_Express_-_Mon_Thai_-_AEON_Mall_Binh_Tan,Restaurant,Thailand,"T24,_Tang_3,_TTMS_Aeon_Mall_Binh_Tan_-_01_Duong_So_17A,_Khu_Pho_11,_P._Binh_Tri_Dong_B",Binh_Tan,3.3,150000
BT_0521,Bangkok_House_-_AEON_Mall_Binh_Tan,Restaurant,Thailand,"Tang_2,_AEON_Mall_Binh_Tan,_1_Duong_So_17A,_P._Binh_Tri_Dong",Binh_Tan,3.6,150000
BT_0522,Banh_Rau_Cau_Sinh_Nhat,Bakery,Vietnamese,"424_Tan_Hoa_Dong,_P._Binh_Tri_Dong",Binh_Tan,4.45,1050000
BT_0523,Diem_Hen_Sai_Gon_Cafe_-_Vanh_Dai_Trong,Cafe,Vietnamese,303_-_305_Vanh_Dai_Trong,Binh_Tan,3.85,160000
BT_0524,Ha_Kho_-_Hai_San_Kho_Phan_Thiet,Bistro,Vietnamese,"219/17_Duong_So_5,_P._Binh_Hung_Hoa",Binh_Tan,3.65,300000
BT_0525,9_Chau_-_Dac_San_De,Bistro,Vietnamese,"165A_Binh_Long,_P._Binh_Hung_Hoa",Binh_Tan,4.3,160000
BT_0526,Trung_Toi_-_Lau_Bo_-_453_Ho_Hoc_Lam,Bistro,Vietnamese,"453_Ho_Hoc_Lam,_P._An_Lac",Binh_Tan,3.65,200000
BT_0527,Adadi_Cake_-_Banh_Kem_Tuoi_Online,Restaurant,Vietnamese,"56_Duong_So_2A,_Khu_Dan_Cu_Vinh_Loc,_P._Binh_Hung_Hoa_B",Binh_Tan,3.85,150000
BT_0528,Fami_Dining_-_Seafood_-_Duong_So_30,Bistro,Vietnamese,"52_Duong_So_30,_P._Binh_Tri_Dong_B",Binh_Tan,4.3,509000
BT_0529,Com_Chay_Nha_Na_-_Restaurant,Restaurant,Vietnamese,"175/1/6_Ho_Van_Long,_P._Binh_Hung_Hoa_B",Binh_Tan,3.95,180000
BT_0530,Buffet_Ta_La_-_Tan_Ky_Tan_Quy,Restaurant,Vietnamese,"596_Tan_Ky_Tan_Quy,_P._Binh_Hung_Hoa",Binh_Tan,4.6,135000
BT_0531,Quan_Hieu_Map_-_Lau_De,Bistro,Vietnamese,"2F_Duong_So_6,_KDC_Nam_Hung_Vuong,_P._An_Lac",Binh_Tan,3.7,185000
BT_0532,Kho_Bo_Thien_Phuc_-_Restaurant,Restaurant,Vietnamese,"43/15/27_Ma_Lo,_Binh_Tri_Dong_A",Binh_Tan,3.9,205000
BT_0533,Dookki_Viet_Nam_-_Lau_&_Buffet_Tokpokki_-_Aeon_Mall_Binh_Tan,Restaurant,Vietnamese,"Tang_3,_Aeon_Mall_Binh_Tan,_1_Duong_So_17A,_P._Binh_Tri_Dong_B",Binh_Tan,3.4,149500
BT_0534,Quan_Than_-_Buffet_Lau_145K,Bistro,Vietnamese,"40_Duong_So_7,_P._An_Lac_A",Binh_Tan,3.65,145000
BT_0535,GoGi_House_-_Quan_Thit_Nuong_Han_Quoc_-_Aeon_Mall_Binh_Tan,Restaurant,Korean,"Tang_3,_Aeon_Mall_Binh_Tan,1_Duong_So_17A,_KP._11,_P._Binh_Tri_Dong_B",Binh_Tan,3.35,200000
BT_0536,K-Pub_-_Nuong_Phong_Cach_Pub_Han_Quoc_-_Aeon_Mall_Binh_Tan,Restaurant,Korean,"Tang_03_TTTM_Aeon_Mall_Binh_Tan,_So_1_Duong_So_17A,_P._Binh_Tri_Dong_B",Binh_Tan,4.4,175000
BT_0537,Mi_Cay_Lemon,Bistro,Vietnamese,"760_Huong_Lo_2,_P._Binh_Tri_Dong_A",Binh_Tan,4.6,250000
BT_0538,Gio_Heo_Quay_Luc_Phat_-_Ten_Lua,Restaurant,Vietnamese,"708A_Ten_Lua,_P._Binh_Tri_Dong_B",Binh_Tan,4.1,225000
BT_0539,Vuon_Nuong_Han_Quoc,Bistro,Korean,"92_Ma_Lo,_P._Binh_Tri_Dong_A",Binh_Tan,3.8,169000
BT_0540,Shabu_Ya_-_AEON_Mall_Binh_Tan,Restaurant,Japanese,"Lo_T14B,_Tang_3,_AEON_Mall_Binh_Tan,_1_Duong_So_17A,_P._Binh_Tri_Dong",Binh_Tan,3.75,228000
BT_0541,Panda_Buffet_-_AEON_Mall_Binh_Tan,Restaurant,Vietnamese,"Lau_3_AEON_Mall_Binh_Tan,_1_Duong_So_17A,_P._Binh_Tri_Dong",Binh_Tan,3.05,209000
BT_0542,Kim_Cuong_-_Nha_Hang_Tiec_Cuoi,Restaurant,Vietnamese,"191_-_193_Vanh_Dai_Trong,_P._Binh_Tri_Dong",Binh_Tan,3.9,4000000
BT_0543,Nha_Hang_Tiec_Cuoi_Fenix_Palace,Restaurant,Vietnamese,309_Le_Van_Quoi,Binh_Tan,3.9,3500000
BT_0544,H.A.B_Food_&_Drinks,Restaurant,Asian,"1235/1_Tinh_Lo_10,_P._Tan_Tao",Binh_Tan,3.65,73750
BT_0545,Kichi_Kichi_Lau_Bang_Chuyen_-_AEON_Mall_Binh_Tan,Restaurant,Japanese,"Tang_3_-_T26,_Aeon_Mall_Binh_Tan,_1_Duong_So_17A,_P._Binh_Tri_Dong",Binh_Tan,3.85,250000
BT_0546,Gangnam_Bulgogi_-_Aeon_Mall_Binh_Tan,Restaurant,Korean,"Tang_3,_Aeon_Mall_Binh_Tan,_1_Duong_So_17A,_Phuong_Binh_Tri_Dong_B",Binh_Tan,3.2,300000
BT_0547,Lau_Tuoi_MK_-_AEON_Mall_Binh_Tan,Restaurant,Thailand,"Tang_3,_Aeon_Mall_Binh_Tan,_1_Duong_So_17A,_P._Binh_Tri_Dong",Binh_Tan,3.45,250000
BT_0548,Kim_Korean_-_Nha_Hang_Han_Quoc_-_Aeon_Mall_Binh_Tan,Restaurant,Korean,"Tang_2_Aeon_Mall_Binh_Tan,_Duong_So_17A",Binh_Tan,3.25,350000
BT_0549,Seoul_Garden_AEON_Mall_Binh_Tan,Restaurant,Korean,"Lo_T23,_Tang_3,_Aeon_Mall_Binh_Tan,1_Duong_So_17A,_P._Binh_Tri_Dong_B",Binh_Tan,3.4,345000
BT_0550,Lau_Mam_An_Moc_Nhien_-_189_Ten_Lua,Bistro,Vietnamese,"189_Ten_Lua,_P._Binh_Tri_Dong_B",Binh_Tan,4.75,350000
