id,Name,Type,Cuisine,Address,District,Rating,Average
D10_0001,Hanuri__Quan_An_Han_Quoc__Su_Van_Hanh,Bistro,Korean,"736_Su_Van_Hanh,_P._12",10,3.5,80000
D10_0002,"Monkey_In_Black__Milo_Dam,_Tra_Sua_&_Ca_Phe",Cafe,Vietnamese,698_Su_Van_Hanh,10,3.8,33000
D10_0003,Say_Coffee_24H__Su_Van_Hanh,Cafe,Vietnamese,756_Su_Van_Hanh,10,3.45,22500
D10_0004,BeefSteak__Mi_Y__Salad_Cow_Express__Su_Van_Hanh,Restaurant,Vietnamese,"457_Su_Van_Hanh,_P._12",10,3.85,70000
D10_0005,Lau_Tom_Cang_Xien__Tran_Nhan_Ton,Bistro,Vietnamese,"142_Tran_Nhan_Ton,_P._2",10,3.5,152500
D10_0006,Sakura_Viet_Nam__Sushi_Nhat_Ban,Bistro,Japanese,505_Su_Van_Hanh,10,3.6,70500
D10_0007,Lang_Nuong_Nam_Bo__To_Hien_Thanh,Restaurant,Vietnamese,"302A_To_Hien_Thanh,_P._15",10,3.6,122500
D10_0008,Dallas_Cakes_&_Coffee__3_Thang_2,Bakery,Vietnamese,"233_Duong_3_Thang_2,_P._10",10,4.45,35000
D10_0009,Alifood_Corner__Chung_Cu_Ngo_Gia_Tu,Bistro,Vietnamese,"009_Lo_T_Chung_Cu_Ngo_Gia_Tu,_P._2",10,3.1,30000
D10_0010,Che_Thai_Y_Phuong,Bistro,Thailand,"380_Nguyen_Tri_Phuong,_P._4",10,4.85,25500
D10_0011,Co_Nam__Cut_Chien_Bo,Bistro,Vietnamese,"54_Dong_Nai,_P._15",10,3.5,10000
D10_0012,Hallyu__Korean_Fast_Food__Tran_Minh_Quyen,Bistro,Korean,"07_Tran_Minh_Quyen,_P._10",10,3.75,138000
D10_0013,Con_Ga_Nuong__Thanh_Thai,Bistro,Vietnamese,"152/7_Thanh_Thai,_P._12",10,3.35,87500
D10_0014,Kleine_Ecke_Cafe__To_Hien_Thanh,Cafe,Vietnamese,"339/34A1_To_Hien_Thanh,_P._12",10,3.7,60000
D10_0015,Hawaii_Kia,Cafe,Vietnamese,401_Su_Van_Hanh,10,3.5,42500
D10_0016,Domino’s_Pizza__Nguyen_Tri_Phuong,Restaurant,Vietnamese,"313_Nguyen_Tri_Phuong,_P._5",10,3.7,124000
D10_0017,TikTak__Tra_Sua_&_Tra_Dao__Cach_Mang_Thang_8,Cafe,Vietnamese,"503B_Cach_Mang_Thang_8,_P._13",10,3.45,20000
D10_0018,Chi_3__Bun_Nuoc__To_Hien_Thanh,Bistro,Vietnamese,"495/2_To_Hien_Thanh,_P._14",10,3.4,37500
D10_0019,Com_Nieu_Thien_Ly__Cuu_Long,Bistro,Singapore,"87A_Cuu_Long,_P._15",10,3.45,62500
D10_0020,Tra_Sua_Bobapop__Cao_Thang,Cafe,Taiwanese,"115_Cao_Thang,_P._11",10,3.35,35500
D10_0021,Moc_Vi_Quan__Mi_Quang_&_Com_Dia_Nong__Su_Van_Hanh,Restaurant,Vietnamese,"732_Su_Van_Hanh,_P._12",10,3.5,37000
D10_0022,Sushi_Co_Chu_Nho__Ba_Thang_Hai,Bistro,Japanese,"543_Ba_Thang_Hai,_P._8",10,3.25,50000
D10_0023,Banh_Canh_Ghe_Muoi_Ot_Xanh__Nguyen_Tri_Phuong,Bistro,Vietnamese,"484A_Nguyen_Tri_Phuong,_P._9",10,4.85,60000
D10_0024,Oc_Nhu__Dien_Bien_Phu,Bistro,Vietnamese,"650/4/29D_Dien_Bien_Phu,_P._11",10,3.25,65000
D10_0025,Banh_Canh_Cua_Ut_Le__To_Hien_Thanh,Bistro,Vietnamese,204_-_210_To_Hien_Thanh_P._15,10,3.55,42500
D10_0026,Nha_Hang_Nuong_BARBECUE_GARDEN,Restaurant,Vietnamese,448_Duong_3_Thang_2,10,3.65,225000
D10_0027,Take_Coffee__To_Hien_Thanh,Cafe,Vietnamese,"339/22_To_Hien_Thanh,_P._12",10,3.5,31000
D10_0028,Uncle_Tea__Tra_Dai_Loan__Hung_Vuong,Cafe,Taiwanese,"162_Hung_Vuong,_P._2",10,3.1,44500
D10_0029,Con_Voi_Vang__Vincom_Maximark_3/2,Restaurant,Vietnamese,"Tang_4,_Food_Court_Vincom_Maximark_Duong_3_Thang_2",10,3.6,370000
D10_0030,The_Milktea_Guy,Cafe,Vietnamese,"006_Lo_F,_Chung_Cu_Ngo_Gia_Tu,_P._3",10,3.1,20000
D10_0031,Tra_Sua_Comebuy__Su_Van_Hanh,Cafe,Taiwanese,"682_Su_Van_Hanh,_P._12",10,4.05,46500
D10_0032,Beefsteak_Cu_Hanh_Tay__Su_Van_Hanh,Bistro,Vietnamese,"391/6_Su_Van_Hanh,_P._12",10,3.5,56500
D10_0033,Banh_Canh_Cua_Gia_Truyen__Vinh_Vien,Bistro,Vietnamese,"79_Vinh_Vien,_P._2",10,3.5,17500
D10_0034,Tokyo_Deli_Express__Sushi__3_Thang_2,Restaurant,Japanese,386_-_388_Duong_3_Thang_2,10,3.8,125000
D10_0035,Sushi_Masa__3_Thang_2,Restaurant,Japanese,"400_Duong_3_Thang_2,_P._12",10,3.65,115000
D10_0036,Khanh_Vy__Che_Mam,Bistro,Vietnamese,"032_Lo_H_Chung_Cu_Ngo_Gia_Tu,_P._2",10,3.3,17500
D10_0037,Mato_House__Taiwan_Healthy_Tea__Su_Van_Hanh,Cafe,Taiwanese,"780/14D_Su_Van_Hanh,_P._12",10,4,44000
D10_0038,TOUS_les_JOURS__3_Thang_2,Bakery,Vietnamese,"302_Duong_3_Thang_2,_P._12",10,3.45,175000
D10_0039,Sorrento_Cafe__Cafe_Lang_Man,Cafe,Vietnamese,"91/6_Hoa_Hung,_P.12",10,3.6,40000
D10_0040,Oc_Quang_Anh__To_Hien_Thanh,Bistro,Vietnamese,"189_To_Hien_Thanh,_P._13",10,3.35,80000
D10_0041,Com_Ga_Hai_Nam__Nguyen_Tri_Phuong,Bistro,Chinese,"379_Nguyen_Tri_Phuong,_P._5",10,3.2,80000
D10_0042,Iron_Steak__Le_Hong_Phong,Bistro,Vietnamese,624_Le_Hong_Phong,10,3.4,100000
D10_0043,Papas'_Chicken__Ga_Ran_Han_Quoc__Nguyen_Tri_Phuong,Restaurant,Korean,"427_Nguyen_Tri_Phuong,_P._8",10,3.5,150000
D10_0044,Rove__Banh_Ca_Nuong_Taiyaki,Restaurant,Vietnamese,"207/84_Duong_3_Thang_2,_P._11",10,3.75,14000
D10_0045,Quan_Banh_Can_Da_Lat_&_Banh_Uot_Long_Ga,Restaurant,Vietnamese,"58/8_Dong_Nai,_P._15",10,3.5,27500
D10_0046,Nha_Hang_Bistrot_De_Saigon,Restaurant,Vietnamese,"Q9_Bach_Ma,_P._15",10,4.15,120000
D10_0047,Cimi_Fruit__3_Thang_2,Cafe,Vietnamese,"165/5_Duong_3_Thang_2,_P._11",10,3.5,52500
D10_0048,Haru_Sushi__Nguyen_Tri_Phuong,Restaurant,Japanese,"371_Nguyen_Tri_Phuong,_P._5",10,4,265000
D10_0049,Ga_Nuong_Chicken_Kitchen,Bistro,Vietnamese,"38_Dong_Nai,_P._15",10,3.6,165000
D10_0050,Ba_La_Tra__Nguyen_Tri_Phuong,Cafe,Vietnamese,"515A_Nguyen_Tri_Phuong,_P._8",10,3.2,23500
D10_0051,Sentosa_Food__Chao_Ech_Singapore__To_Hien_Thanh,Bistro,Singapore,"188_To_Hien_Thanh,_P._15",10,3.45,52500
D10_0052,Di_Hong__Banh_Trang_Cuon_Cham_Me__Ba_Hat,Restaurant,Vietnamese,"205_Ba_Hat,_P._9",10,4.85,27500
D10_0053,Banh_Canh_Cua_Hoang_Lan__Vinh_Vien,Bistro,Vietnamese,484_Vinh_Vien,10,3.4,52500
D10_0054,The_Jade__Banh_Sau_Rieng_Kem_Lanh__3/2,Bakery,Vietnamese,"45/1_Duong_3_Thang_2,_P._11",10,3.4,27500
D10_0055,Ta_Tuyet_Ngan__An_Vat_&_Tra_Sua,Restaurant,Vietnamese,308/10/8__Nguyen_Tri_Phuong,10,3.1,17500
D10_0056,Lau_Hong_Kong_Bone_&_Pot__Nguyen_Tri_Phuong,Restaurant,Chinese,"386_Nguyen_Tri_Phuong,_P._4",10,3.65,240000
D10_0057,Ha_Cao_Ngoc_Lan__Vinh_Vien,Bistro,Vietnamese,"500_Vinh_Vien,_P._8",10,3.55,35000
D10_0058,Bun_Bo_Hue_Xua__Cao_Thang,Bistro,Vietnamese,169_Cao_Thang,10,3.35,25000
D10_0059,Banh_Cuon_Thien_Huong__3_Thang_2,Bistro,Vietnamese,"179A_Duong_3_Thang_2,_P._11",10,4.85,28500
D10_0060,Bun_Thit_Nuong_Kieu_Bao__To_Hien_Thanh,Bistro,Vietnamese,339/12_To_Hien_Thanh,10,3.55,17500
D10_0061,AKA_House__Buffet_Nuong_&_Lau_Nhat_Ban__Van_Hanh_Mall,Restaurant,Japanese,"09_Tang_6_Van_Hanh_Mall,_11_Su_Van_Hanh,_P._12",10,3.15,200000
D10_0062,Lau_Bo_Co_Thao__Ho_Thi_Ky,Bistro,Vietnamese,84/10_Ho_Thi_Ky,10,4.85,160000
D10_0063,Chut_Chit_Quan__Dac_San_Oc,Bistro,Vietnamese,285/36/1_Cach_Mang_Thang_Tam,10,3.55,40000
D10_0064,Vajra__Nha_Hang_Chay,Restaurant,Chinese,"711_Le_Hong_Phong,_P._12",10,3.55,87500
D10_0065,JCat__Ca_Hoi_Dut_Lo,Restaurant,Vietnamese,"575/31/14_Cach_Mang_Thang_8,_P._15",10,3.75,112500
D10_0066,Bao_Bei__Chinese_Restaurant__Viettel_Tower,Restaurant,Chinese,"Tang_2_Viettel_Tower,_285_Cach_Mang_Thang_8,_P._12",10,4.05,275000
D10_0067,Cashflow_Cafe,Cafe,Vietnamese,"7A/19_Thanh_Thai,_P._14",10,3.45,59000
D10_0068,Sushi_Vien_Ong_Chu_Nho__78_Nguyen_Tieu_La,Restaurant,Japanese,"78_Nguyen_Tieu_La,_P._5",10,4.85,75500
D10_0069,Sup_Cua_Thao__Ho_Thi_Ky,Restaurant,Vietnamese,68/8_Ho_Thi_Ky,10,3.2,17500
D10_0070,Mi_Tron_Hong_Kong__Vinh_Vien,Bistro,Vietnamese,"201/25_Vinh_Vien,_P._4",10,3.95,22500
D10_0071,Friends_By_Pontian__Mi_Singapore__Nguyen_Tri_Phuong,Bistro,Singapore,"416_Nguyen_Tri_Phuong,_P._4",10,3.1,44000
D10_0072,Ca_Vien_Chien_Anh_Chi_Em__An_Vat,Restaurant,Vietnamese,"498_Hoa_Hao,_P._5",10,3.4,20000
D10_0073,Tra_Sua_Won_Cha__Nguyen_Chi_Thanh,Cafe,Vietnamese,"148_Nguyen_Chi_Thanh,_P._3",10,3.4,38500
D10_0074,Deja_Vu_Coffee,Cafe,Vietnamese,"314/2_Dien_Bien_Phu,_P.11",10,3.65,42500
D10_0075,Tra_Sua_Tran_Chau_Phuong_Hoang,Cafe,Vietnamese,"317B_Nguyen_Tri_Phuong,_P._5",10,3.2,21500
D10_0076,Cua_Hang_Nhu_Y_Food,Bakery,Vietnamese,"575/22_Cach_Mang_Thang_8,_P._15",10,3.45,22500
D10_0077,Tiem_Mi_Y_Mua_He,Cafe,Vietnamese,"371_Vinh_Vien,_P._5",10,4.15,63500
D10_0078,Effoc_Cafe__Nguyen_Tri_Phuong,Cafe,Vietnamese,"212_Nguyen_Tri_Phuong,_P._4",10,3.55,35000
D10_0079,CAJUN_379,Bistro,Vietnamese,379_Vinh_Vien,10,4.15,107500
D10_0080,Auntie_Kim__Tra_Sua__3_Thang_2,Cafe,Vietnamese,"643_Duong_3_Thang_2,_P._6",10,3.75,35000
D10_0081,Hutong__Hotpot_Paradise__Van_Hanh_Mall,Restaurant,Chinese,"Tang_5_Van_Hanh_Mall,_11_Su_Van_Hanh,_P._12",10,3.8,190000
D10_0082,Flour_89__Coffee_Shop,Cafe,Vietnamese,59/4_Dao_Duy_Tu,10,3.75,40000
D10_0083,No.96__Quan_96_Lau_&_Nuong__Nguyen_Tri_Phuong,Bistro,Vietnamese,481_Nguyen_Tri_Phuong,10,3.65,125000
D10_0084,Met__Bun_Dau_Mam_Tom__Dong_Nai,Bistro,Vietnamese,"15_Dong_Nai,_Phuong_15",10,3.2,160000
D10_0085,Quan_Nuong_Co_Khanh,Bistro,Vietnamese,"177B_Cao_Thang,_P._12",10,3.5,58000
D10_0086,King_BBQ_Buffet__Su_Van_Hanh,Restaurant,Korean,"716_Su_Van_Hanh_(Noi_Dai),_P._12",10,3.45,315000
D10_0087,Tra_Sua_365__Dao_Duy_Tu,Cafe,Vietnamese,59/4_Dao_Duy_Tu,10,3.2,23500
D10_0088,Lau_Thai_De_Vuong__Food_House__Nguyen_Tri_Phuong,Restaurant,Vietnamese,"230_Nguyen_Tri_Phuong,_P._4",10,3.25,115000
D10_0089,Say_Cafe__Acoustic,Cafe,Vietnamese,"60_Tran_Minh_Quyen,_P._11",10,3.65,48000
D10_0090,Happy_BBQ_1_Xien_Nuong_Dong_Gia_5K__Su_Van_Hanh,Restaurant,Vietnamese,"824/28Q_Su_Van_Hanh,_P._12",10,3.55,5000
D10_0091,Tomato__Xien_Que_Nuong_&_Lau_Tu_Chon,Bistro,Vietnamese,357_Nguyen_Tri_Phuong,10,4.85,160000
D10_0092,Lau_Cua_Ca_Mau__Cach_Mang_Thang_8,Restaurant,Vietnamese,"285/32_Cach_Mang_Thang_8,_P._12",10,3.5,80000
D10_0093,Pho_Kho_Hong_Gia_Lai__Dong_Nai,Bistro,Vietnamese,"82_Dong_Nai,_Cu_Xa_Bac_Hai",10,3.55,45000
D10_0094,Kem_Bo__Trai_Cay_To_251__To_Hien_Thanh,Cafe,Vietnamese,"163/19_To_Hien_Thanh,_P._13",10,3.55,17500
D10_0095,Kem_Mieng_Dua__Nguyen_Chi_Thanh,Restaurant,Vietnamese,"450_Nguyen_Chi_Thanh,_P._6",10,3.45,34500
D10_0096,Chu_Tun__Bun_Tom_&_Hu_Tieu_Oc__Ho_Thi_Ky,Bistro,Vietnamese,"57/21_Ho_Thi_Ky,_P._1",10,3.35,48000
D10_0097,Tan_Huong_Nam_Quan__Mi_&_Banh_Canh,Bistro,Vietnamese,"656_Su_Van_Hanh_Noi_Dai,_P._12",10,3.25,52500
D10_0098,Phieu_Acoustic_Cafe__To_Hien_Thanh,Cafe,Vietnamese,343/6_To_Hien_Thanh,10,3.65,32000
D10_0099,Ga_Ran_KFC__Ngo_Gia_Tu,Restaurant,USA,"1_-_3_Ngo_Gia_Tu,_P._2",10,3.4,59000
D10_0100,Quan_87A__Bo_Nuong_Ngoi_&_Lau_Bo,Bistro,Vietnamese,87A_Hoa_Hung,10,3.4,160000
D10_0101,Osaka_Ohsho_Van_Hanh_Mall__Quan_Mi_Ramen__Gyoza_Nhat_Ban,Restaurant,Japanese,"Tang_5_Van_Hanh_Mall,_11_Su_Van_Hanh,_P._12",10,4.3,100000
D10_0102,Le_Castella_Viet_Nam__Banh_Bong_Lan_Dai_Loan__Nguyen_Tri_Phuong,Bakery,Taiwanese,"304_Nguyen_Tri_Phuong,_P._4",10,4.85,89500
D10_0103,Misaki_House__Mon_Nhat,Restaurant,Japanese,"Kios_12J,_334_To_Hien_Thanh,_P.14",10,3.25,50000
D10_0104,Nhan_Tri__Bun_Bo_Hue,Bistro,Vietnamese,"295_Le_Hong_Phong,_P._2",10,4.85,37500
D10_0105,Otoke_Chicken__Ga_Ran_Han_Quoc__Dao_Duy_Tu,Bistro,Korean,31_Dao_Duy_Tu,10,4,107500
D10_0106,Tra_Sua_TeaWan__Su_Van_Hanh,Cafe,Thailand,"343/36_Su_Van_Hanh,_P._12",10,3.25,45000
D10_0107,Ton_Cafe__Acoustic,Restaurant,Vietnamese,283/89_Cach_Mang_Thang_8,10,3.65,32500
D10_0108,Teobokki__Ly_Thai_To,Restaurant,Korean,"448/1_Ly_Thai_To,_P._10",10,4.85,17500
D10_0109,Ngoc_Bich__Com_Ga_Nuong,Bistro,Vietnamese,"14_Dong_Nai,_P._15",10,3.35,22500
D10_0110,Dat_Thanh__Hu_Tieu_Nam_Vang__Cach_Mang_Thang_8,Bistro,Cambodia,607_Cach_Mang_Thang_8,10,3.45,50000
D10_0111,Urban_Station_Coffee_Takeaway__To_Hien_Thanh,Cafe,Vietnamese,288_To_Hien_Thanh,10,3.55,25000
D10_0112,Den_Da_Cafe__Tra_Sua_&_Tra_Dao__Su_Van_Hanh,Cafe,Vietnamese,543_Su_Van_Hanh,10,3.2,40000
D10_0113,Lau_Bo_Ho_Ba_Kien,Bistro,Vietnamese,"162/3_Ho_Ba_Kien,_P._15",10,4.85,200000
D10_0114,An_Duoc_Phuc__Hotpot_&_BBQ__Nguyen_Tri_Phuong,Restaurant,Chinese,"533_Nguyen_Tri_Phuong,_P._8",10,3.55,262500
D10_0115,Sushi_&_Que__Thanh_Thai,Restaurant,Vietnamese,"190_Thanh_Thai,_P._12",10,3.05,37500
D10_0116,Com_Ga_Phu_Yen_Rom,Bistro,Vietnamese,"595/015_Chung_Cu_96_Can,_Cach_Mang_Thang_8,_P._15",10,3.85,67500
D10_0117,Cowboy_Steakhouse_&_Grill,Restaurant,Vietnamese,"40_Dong_Nai,_P._15",10,3.9,150000
D10_0118,Mi_Vit_Tiem_Thuong_Hai_481,Bistro,Vietnamese,"Hem_481_Nguyen_Tri_Phuong,_P._8",10,3.75,37500
D10_0119,Shangri_La_Coffee__Cao_Thang,Cafe,Vietnamese,240_Cao_Thang,10,3.75,16000
D10_0120,iTune_Coffee__Su_Van_Hanh,Cafe,Vietnamese,"573/10_Su_Van_Hanh,_P._13",10,3.7,37500
D10_0121,Mi_Cay_Ot_Ma,Bistro,Vietnamese,"268_To_Hien_Thanh,_P._14",10,3.5,40500
D10_0122,Salad_Poki_Katuri,Bistro,Vietnamese,"458_Ba_Hat,_P._8",10,4.1,52500
D10_0123,Ryucha__Japanese_Tea_&_Juice__Su_Van_Hanh,Cafe,Japanese,"770D_Su_Van_Hanh,_P._12",10,3.85,40000
D10_0124,Che_Sinh_Vien_007,Restaurant,Vietnamese,"007_Lo_R,_Chung_Cu_Ngo_Gia_Tu,_P._3",10,3.5,13500
D10_0125,Banh_Sau_Rieng_Durio__Le_Thi_Rieng,Bakery,Singapore,"Kiot_Cong_Vien_Le_Thi_Rieng,_Cach_Mang_Thang_8",10,3.45,32000
D10_0126,Kem_BUD’S__Duong_3_Thang_2,Cafe,USA,"547B_Duong_3_Thang_2,_P._8",10,3.7,145000
D10_0127,Mi_Han_Quoc__3_Thang_2,Restaurant,Vietnamese,"145_Duong_3_Thang_2,__P._11",10,3.1,215000
D10_0128,The_Daily_Coffee__Tran_Minh_Quyen,Cafe,Vietnamese,"42_Tran_Minh_Quyen,_P._11",10,3.9,37500
D10_0129,Mango_Story_Saigon__Mon_Thai,Cafe,Vietnamese,"385_Su_Van_Hanh,_P._12",10,3.7,60000
D10_0130,Quan_Pong__Dac_San_Phan_Rang__Truong_Son,Restaurant,Vietnamese,"CC15_Truong_Son,_P._15",10,3.5,9500
D10_0131,Nem_Nuong_Quyen,Restaurant,Vietnamese,57/17_Ho_Thi_Ky,10,3.65,10000
D10_0132,Bun_Quay_Phu_Quoc__Nguyen_Tri_Phuong,Bistro,Vietnamese,"210_Nguyen_Tri_Phuong,_P._4",10,3.75,45000
D10_0133,Bun_Bo_Hue_Ba_Nghi,Bistro,Vietnamese,"466_Nguyen_Tri_Phuong,_P._9",10,3.8,35000
D10_0134,Sumo_BBQ__Van_Hanh_Mall__Buffet_Nuong_&_Lau,Restaurant,Japanese,"Tang_5_Van_Hanh_Mall,_11_Su_Van_Hanh,_P._12",10,4.1,329000
D10_0135,Mi_Y_Double_B__To_Hien_Thanh,Bistro,Italian,"266/70_To_Hien_Thanh,_P._15",10,3.6,46000
D10_0136,Bun_Cha_1986,Bistro,Vietnamese,30_Cuu_Long,10,3.95,42500
D10_0137,Nem_Bo_Nuong_Sa__Ho_Thi_Ky,Bistro,Vietnamese,57/23B_Ho_Thi_Ky,10,3.8,10000
D10_0138,Bun_Dau_Homemade__Ngo_Gia_Tu,Bistro,Vietnamese,"303_Ngo_Gia_Tu,_P._3",10,3.7,65000
D10_0139,Vuon_Oc_Wongnai,Bistro,Vietnamese,"Bai_Xe_Big_C_To_Hien_Thanh,_268_To_Hien_Thanh",10,4.85,107500
D10_0140,Lau_Bo_Hoang_Thu__Ho_Thi_Ky,Bistro,Vietnamese,"84/1_Ho_Thi_Ky,_P._1",10,3.15,120000
D10_0141,Song_Tra__Mi_Quang_&_Com_Ga,Bistro,Vietnamese,7/25_Thanh_Thai,10,3.1,35000
D10_0142,McDonald’s_Saigon_Supermarket,Bistro,USA,"Sieu_Thi_Sai_Gon,_460_Duong_3_Thang_2,_P._12",10,3.35,65000
D10_0143,An_Vat_Nhu_Quynh,Bistro,Vietnamese,"154/17_Ho_Ba_Kien,_P._15",10,4.85,54000
D10_0144,Hoang_Ty__Dac_San_Trang_Bang__Thanh_Thai,Bistro,Vietnamese,120_Thanh_Thai,10,3.1,85000
D10_0145,The_Gioi_Ga_Nuong,Bistro,Vietnamese,"36B_Dong_Nai,_P._15",10,3.4,60000
D10_0146,Story_Coffee__Duong_3_Thang_2,Cafe,Vietnamese,"304_Duong_3_Thang_2,_P._12",10,3.7,37500
D10_0147,Trai_Cay_To_Bu_Bu,Restaurant,Vietnamese,247_To_Hien_Thanh,10,3.55,22500
D10_0148,Bo_Ne_3_Ngon__Bo_Quanh_Lua_Hong__Su_Van_Hanh,Bistro,Vietnamese,776_Su_Van_Hanh,10,3.4,30000
D10_0149,Quan_Chay_Thoi_Ke__Le_Hong_Phong,Restaurant,Vietnamese,"727_Le_Hong_Phong,_P._12",10,3.75,16000
D10_0150,SaSin__Mi_Cay_7_Cap_Do_Han_Quoc__Su_Van_Hanh,Bistro,Korean,"776_Su_Van_Hanh,_P._12",10,4.85,75000
D10_0151,Dat_Cafe__Phong_Cach_Nha_Vuon,Cafe,Vietnamese,"343/5_To_Hien_Thanh,_P._12",10,3.5,42500
D10_0152,Pha_Lau_Bo__Ba_Hat,Bistro,Vietnamese,533_Ba_Hat,10,3.45,29000
D10_0153,SuSu_Quan__Mon_An_Han_Quoc,Bistro,Korean,"015_Lo_M,_Chung_Cu_Ngo_Gia_Tu,_Su_Van_Hanh,_P._2",10,3.65,40000
D10_0154,Sushi_79__Nguyen_Tri_Phuong,Bistro,Japanese,"489_Nguyen_Tri_Phuong,_P._8",10,3.6,100000
D10_0155,Mi_Oc_Hen_Di_Lan__Cu_Xa_Dong_Tien,Bistro,Vietnamese,"1A_Cu_Xa_Dong_Tien,_P._10",10,4.85,25000
D10_0156,Fruit_Farm__Nuoc_Ep_&_Detox_Water,Cafe,Vietnamese,87_Cuu_Long,10,3.6,35000
D10_0157,Papaxot__Su_Van_Hanh,Restaurant,Vietnamese,758-760_Su_Van_Hanh,10,3.6,88500
D10_0158,Don_Chicken__Nha_Hang_Ga_Nuong_Han_Quoc__Su_Van_Hanh,Restaurant,Korean,742_Su_Van_Hanh,10,3.25,220000
D10_0159,Taco_Bistro,Bistro,Mexican,"163/14/5_To_Hien_Thanh,_P._13",10,4.1,129000
D10_0160,Shabu_Ya__Van_Hanh_Mall,Restaurant,Japanese,"19_Tang_6_Van_Hanh_Mall,_11_Su_Van_Hanh,_P._12",10,4,203000
D10_0161,Tabletop__Boardgame_&_Coffee,Cafe,Vietnamese,"324/1_Hem_322_Dien_Bien_Phu,_P._11",10,4.25,30000
D10_0162,Xe_Lam_Bistro,Bistro,Vietnamese,"218A_10-11-12-13_Thanh_Thai,_P._15",10,4.85,135000
D10_0163,Emoji_Pizza__Pizza_Lo_Cui,Restaurant,Italian,"4/1_Hoang_Du_Khuong,_P._12",10,4.4,150000
D10_0164,He_Quan__Banh_Canh_He_&_Banh_Beo_Nong_Phu_Yen,Restaurant,Vietnamese,"111_Cao_Thang,_P._11",10,4.2,40000
D10_0165,A_Lo__Banh_Canh_Chua_Cay_&_Bun_Bo_Vien__Nguyen_Tri_Phuong,Bistro,Vietnamese,"466A_Nguyen_Tri_Phuong,_P._9",10,3.8,46500
D10_0166,Xing_Fu_Tang_Vietnam__Tra_Sua_Dai_Loan__Su_Van_Hanh,Cafe,Vietnamese,"495_Su_Van_Hanh,_P._12",10,3.85,55000
D10_0167,Moc_Tra_Quan__To_Hien_Thanh,Cafe,Vietnamese,"339/18_To_Hien_Thanh,_P._12",10,3.4,42500
D10_0168,Sua_Chua_Hat_Dac_Ghe_Go__Duong_3/2,Restaurant,Vietnamese,"725/14_Duong_3_Thang_2,_P._6",10,3.6,25000
D10_0169,Crystal_Jade_Kitchen__Van_Hanh_Mall__Nha_Hang_Quang_Dong,Restaurant,Chinese,"06_Van_Hanh_Mall,_11_Su_Van_Hanh,_P._12",10,3.8,125000
D10_0170,Cot_Dien_Kitchen__Lau_&_Mon_Nuong,Restaurant,Vietnamese,"1_Dong_Nai,_P._15",10,3.55,175000
D10_0171,Bien_Vuong__Banh_Trang_Cuon_Tron_&_An_Vat,Restaurant,Vietnamese,"62_Tran_Nhan_Ton,_P._2",10,3.7,115000
D10_0172,Khanh__Banh_Khot_Vung_Tau,Restaurant,Vietnamese,"7_Dong_Nai,_P._15",10,4.85,32500
D10_0173,Bo_La_Lot__Banh_Xeo_Bac_Hai,Bistro,Vietnamese,1_Bac_Hai,10,3.05,37500
D10_0174,Grand_Castella__Banh_Bong_Lan_Dai_Loan__Nguyen_Tri_Phuong,Bakery,Taiwanese,"376_Nguyen_Tri_Phuong,_P._4",10,3.4,125000
D10_0175,Com_Ong_Ngua__Ho_Thi_Ky,Bistro,Vietnamese,"51/4_Ho_Thi_Ky,_P._1",10,4.35,54000
D10_0176,Marc&Jen__Healthy_Juice_&_Coffee,Cafe,Vietnamese,"163/9_To_Hien_Thanh,_P._13",10,4.3,47500
D10_0177,Sawadee_Milk_Tea__Nguyen_Chi_Thanh,Cafe,Thailand,"388_Nguyen_Chi_Thanh,_P._5",10,3.95,37500
D10_0178,Dookki_Viet_Nam__Lau_&_Buffet_Tokpokki__Van_Hanh_Mall,Restaurant,Korean,"Tang_6,_Van_Hanh_Mall,_11_Su_Van_Hanh,_P._12",10,4.85,267000
D10_0179,Sup_Cua_Moc__Hoa_Hung,Bistro,Vietnamese,"32_Hoa_Hung,_P._13",10,3.65,18500
D10_0180,Ba_Lam__Chao_Vit_&_Goi,Bistro,Vietnamese,"343/2_To_Hien_Thanh,_P._12",10,3.2,80000
D10_0181,"Huong_Tra__Coffee,_Milktea_&_Fastfood__3_Thang_2",Cafe,Vietnamese,"131_Duong_3_Thang_2,_P._11",10,3.5,40000
D10_0182,BoLeRo__Nguyen_Tri_Phuong,Restaurant,Vietnamese,"481_Nguyen_Tri_Phuong,_P._8",10,3.1,176000
D10_0183,Vegeta__Am_Thuc_Chay__Dien_Bien_Phu,Restaurant,Vietnamese,"684_Dien_Bien_Phu,_P._10",10,3.95,82500
D10_0184,An_Vat__Hoa_Hao,Restaurant,Vietnamese,234_Hoa_Hao,10,3.65,18500
D10_0185,Dac_San_Phan_Rang_2_Phuong__Truong_Son,Restaurant,Vietnamese,"CC20_Truong_Son,_P._15",10,3.15,64000
D10_0186,Foodnight__Com_Trua_Van_Phong_&_Do_An_Dem,Bistro,Vietnamese,"521/107_Cach_Mang_Thang_8,_P._13",10,4,47500
D10_0187,Hebe_Tea_&_Coffee__Su_Van_Hanh,Cafe,Taiwanese,345_Su_Van_Hanh,10,3.8,34000
D10_0188,Quan_Cua_Ma__Nem_Nuong_&_Dac_San_Vietnam__Vinh_Vien,Bistro,Vietnamese,"66_Vinh_Vien,_P._2",10,4.85,16000
D10_0189,Cheep_Eats__Seafood_BBQ_Buffet__Su_Van_Hanh,Restaurant,Vietnamese,"816_Su_Van_Hanh,_P._12",10,3.1,250000
D10_0190,Banh_Trung_Thu_Lanh__Ngo_Gia_Tu,Cafe,Vietnamese,"402_Ngo_Gia_Tu,_P._4",10,3.7,350000
D10_0191,Thanh_Truc__Lau_Ca,Bistro,Vietnamese,"473_To_Hien_Thanh,_P._14",10,3.2,145000
D10_0192,Burger_King__Nguyen_Tri_Phuong,Restaurant,USA,"539_Nguyen_Tri_Phuong,_P._8",10,4.85,80000
D10_0193,Nha_Hang_Cha_Ca_De_Vuong,Restaurant,Vietnamese,"794_Su_Van_Hanh,_P._12",10,4.4,244500
D10_0194,Xoi_La_Chuoi__Duong_3/2,Bistro,Vietnamese,"83A_-_85_Duong_3/2,_P._11",10,3.15,13500
D10_0195,Nha_Hang_Hai_San_Phi_Pho_Bien,Restaurant,Vietnamese,16A_Goc_Cao_Thang_Noi_Dai,10,3.35,240000
D10_0196,Thai_Tomyum__Thai_Food_&_Hot_Pot,Bistro,Thailand,"824/25A_Su_Van_Hanh,_P._13",10,3.75,144000
D10_0197,Dat_Set__Quan_An_Hoa_Vien,Restaurant,Vietnamese,"16B_Le_Hong_Phong,_P._12",10,3.2,240000
D10_0198,Suon_Cay_Nuong_&_Hai_San__Ly_Thai_To,Restaurant,Vietnamese,"217_Ly_Thai_To,_P._9",10,3.6,127000
D10_0199,Nguyen_Ky__Lau_&_Nuong,Bistro,Vietnamese,"Hem_7A/5/2_Thanh_Thai,_P.14",10,3.6,105000
D10_0200,Quan_Cay_Me__Bo_Tung_Xeo_&_Cua_Ca_Mau,Restaurant,Vietnamese,"18/3_Nguyen_Lam,_P._6",10,4.85,107500
D10_0201,Oc_Nong_Vi_Que__Cuu_Long,Bistro,Vietnamese,"89_Cuu_Long,_Cu_Xa_Bac_Hai,_P._15",10,3.45,92500
D10_0202,Eat_More_Salad__Shop_Online__Hoang_Du_Khuong,Restaurant,Vietnamese,"14/25A_Hoang_Du_Khuong,_P._12",10,3.5,62000
D10_0203,Oc_Tre_Mot__Oc_&_Hai_San,Bistro,Vietnamese,B10_Thanh_Thai,10,4.85,145000
D10_0204,Phan_Rang_Quan_128__Dac_San_Mien_Trung,Bistro,Vietnamese,"BB13_Truong_Son,_P._15",10,3.25,35000
D10_0205,San_May__Nha_Hang_Chay,Restaurant,Vietnamese,"771_Le_Hong_Phong_(Noi_Dai),_P._12",10,3.3,85000
D10_0206,Bun_Thit_Nuong_Quan_339,Bistro,Vietnamese,"339/7_To_Hien_Thanh,_P._13",10,3.8,22500
D10_0207,Y_Thien__Banh_Cuon_&_Banh_Uot,Bistro,Vietnamese,"274_Ba_Hat,_P._9",10,3.45,24000
D10_0208,Cha_Phuong_Sai_Gon__Giao_Hang_Tan_Noi,Restaurant,Vietnamese,"402_Ngo_Gia_Tu,_P._4",10,3.85,240000
D10_0209,Quan_Chay_Thien_Tam__Su_Van_Hanh,Restaurant,Vietnamese,"391/4_Su_Van_Hanh,_P._12",10,3.55,50000
D10_0210,Starbucks_Coffee__Van_Hanh_Mall,Cafe,USA,"09A_Van_Hanh_Mall,_11_Su_Van_Hanh,_P._12",10,3.75,95000
D10_0211,Beefsteak_To_Hien_Thanh,Bistro,Vietnamese,"473/8/16_To_Hien_Thanh,_P._14",10,3.2,47000
D10_0212,Che_Co_7_Can_Tho__Chung_Cu_Ngo_Gia_Tu,Restaurant,Vietnamese,"001_Lo_F_Chung_Cu_Ngo_Gia_Tu,_P._6",10,3.45,15000
D10_0213,Tau_Hu_Xe_Lam__Buu_Long,Bistro,Vietnamese,"B1B_Buu_Long,_P.15",10,3.4,17500
D10_0214,Mon_An_Mien_Que__Giao_Hang_Tan_Noi,Restaurant,Vietnamese,"575/22_Cach_Mang_Thang_8,_P._15",10,3.35,130000
D10_0215,Effoc_Cafe__Dong_Nai,Cafe,Vietnamese,"92_Dong_Nai,_P._15",10,3.3,40000
D10_0216,Gia_Bao_Com_Van_Phong__Cach_Mang_Thang_Tam,Bistro,Vietnamese,"463b/56_Cach_Mang_Thang_Tam,_P.13",10,4.75,24000
D10_0217,Quan_Bun_Rieu_Ba_Du__Nguyen_Tri_Phuong,Bistro,Vietnamese,"268_Nguyen_Tri_Phuong,_P._4",10,3.1,40000
D10_0218,Bun_Co_Chi,Bistro,Vietnamese,"170/2_Hoa_Hung,_P.13",10,3.75,38500
D10_0219,Bun_Bo_Que_Ma,Bistro,Vietnamese,"284/39_Ly_Thuong_Kiet,_P._14",10,4.2,40000
D10_0220,Pho_Hung__Nguyen_Tri_Phuong,Bistro,Vietnamese,"288_Nguyen_Tri_Phuong,_P._4",10,3.3,42500
D10_0221,Banh_Mi_Nuong_Muoi_Ot_Co_Nam__Duong_3_Thang_2,Restaurant,Vietnamese,"281_Duong_3_Thang_2,_P._10",10,3.65,22500
D10_0222,Bun_Dau_29__Thanh_Thai,Bistro,Vietnamese,"35_Thanh_Thai,_P._14",10,4.85,40000
D10_0223,Sari__Banh_Can_&_Banh_Flan_Mong_Cam_Phan_Thiet,Bistro,Vietnamese,163/25/2_To_Hien_Thanh,10,3.35,35000
D10_0224,Quan_Chay_Binh_An,Restaurant,Vietnamese,"49_Ngo_Quyen,_P._6",10,3.35,24000
D10_0225,Seoul_Garden_Van_Hanh_Mall,Restaurant,Korean,"Tang_5,_11_Van_Hanh_Mall,_11_Su_Van_Hanh,_P._12",10,3.8,345000
D10_0226,Uraetei_BBQ__Pho_Dinh__3_Thang_2,Restaurant,Japanese,"430_-_432_-_434_Duong_3_Thang_2,_P._12",10,3.75,340000
D10_0227,Tra_Sua_Sharetea__Su_Van_Hanh,Cafe,Taiwanese,"353_Su_Van_Hanh,_P._12",10,3.1,50000
D10_0228,Banh_Khot_Thuy_Le,Restaurant,Vietnamese,"606/187_Duong_3_Thang_2,_P._14",10,3.85,30000
D10_0229,Chu_Tun__Tra_Dao_Dam__Ho_Thi_Ky,Cafe,Vietnamese,"57/21_Ho_Thi_Ky,_P._1",10,3.6,12500
D10_0230,An_Vat_Oh!_Mr_Bean__To_Hien_Thanh,Restaurant,Vietnamese,"213_To_Hien_Thanh,_P._13",10,4.85,27500
D10_0231,Ky_Hoa_Quan,Bistro,Vietnamese,"16A_Le_Hong_Phong,_P._12",10,3.25,100000
D10_0232,Kem_Swensen's__Van_Hanh_Mall,Cafe,USA,"02_Van_Hanh_Mall,_11_Su_Van_Hanh,_P._12",10,3.35,147500
D10_0233,Aloii_Tea__Nguyen_Gian_Thanh,Cafe,Vietnamese,"38/1_Nguyen_Gian_Thanh,_P._15",10,3.65,13000
D10_0234,Hai_San_346__Cao_Thang,Bistro,Vietnamese,"346_Cao_Thang,_P._12",10,3.45,215000
D10_0235,Bau_Sen__Banh_Trang_Tay_Ninh__Ngo_Quyen,Restaurant,Vietnamese,122_Ngo_Quyen,10,4.3,22500
D10_0236,Bo_Kho_343__To_Hien_Thanh,Bistro,Vietnamese,"343/5_To_Hien_Thanh,_P._12",10,3.85,21000
D10_0237,Com_Ga_Tuy_Hoa__Truong_Son,Bistro,Vietnamese,"CC_15_Truong_Son,_P._15",10,3.7,40000
D10_0238,Lau_Bo_Co_Hai,Bistro,Vietnamese,58/1_Dong_Nai,10,3.6,160000
D10_0239,Che_Thai_Lan_280,Restaurant,Vietnamese,"272B_Nguyen_Tri_Phuong,_P._4",10,4.85,21500
D10_0240,Quan_A._Hin__Mi_Vit_Tiem,Bistro,Chinese,"99_Thanh_Thai,_P._14",10,3.7,40000
D10_0241,Com_Hanh_Thu,Bistro,Vietnamese,"10A_Truong_Son,_P._15",10,3.25,52500
D10_0242,Tra_Sua_To_Noi_655,Restaurant,Vietnamese,"655_Duong_3_Thang_2,_P._6",10,3.3,14500
D10_0243,Sky_Garden__BBQ_&_Hot_Pot__3_Thang_2,Restaurant,Vietnamese,"504_-_506_Duong_3_Thang_2,_P._14",10,3.85,322000
D10_0244,Royaltea__Tra_Sua_Hong_Kong__Rivera_Park_Saigon,Cafe,Taiwanese,"Rivera_Park_Saigon,_7/28_Thanh_Thai,_P._14",10,3.7,49000
D10_0245,Phan_Le__Bun_Ca_Loc__Cao_Thang,Bistro,Vietnamese,"159_Cao_Thang,_P._11",10,3.65,56500
D10_0246,Meiwei__Trung_Hoa_My_Vi__Van_Hanh_Mall,Restaurant,Vietnamese,"Tang_6_Van_Hanh_Mall,_11_Su_Van_Hanh,_P._12",10,3.8,364000
D10_0247,Banh_Bo_Thot_Not_Nguyen_Son__Giao_Hang_Tan_Noi__Vinh_Vien,Restaurant,Vietnamese,"217_Vinh_Vien,_P._4",10,4.85,105000
D10_0248,Hotpot_Story_Van_Hanh_Mall,Restaurant,Asian,"Lo_6-12,_Tang_6,_Van_Hanh_Mall,_11_Su_Van_Hanh,_P._12",10,3.65,175000
D10_0249,Bun_Bo_A_Hung,Bistro,Vietnamese,"68/106_Dong_Nai,_P._15",10,3.35,30000
D10_0250,Pho_Huu,Bistro,Vietnamese,"58_Cuu_Long,_P._15",10,3.05,34500
D10_0251,Quan_Oc_Map,Bistro,Vietnamese,"400_Ba_Hat,_P._8",10,3.25,215000
D10_0252,NTEA_Drink__Coffee_And_Tea__Su_Van_Hanh,Cafe,Vietnamese,"816_Su_Van_Hanh,_P._12",10,3.65,47000
D10_0253,Banh_Trang_Me_TNF__Bac_Hai,Restaurant,Vietnamese,"29_Bac_Hai,_P._15",10,4.85,33000
D10_0254,Tiem_An_A_Mo__Vinh_Vien,Restaurant,Vietnamese,"001E_Chung_Cu_An_Quang,_Vinh_Vien,_P._9",10,3.9,17500
D10_0255,Cot_Dien_Bistro__Quan_Nhau,Bistro,Vietnamese,"1_Dong_Nai,_P._15",10,3.35,215000
D10_0256,Khang_Dimsum_Bar__Nguyen_Tri_Phuong,Restaurant,Chinese,"200_Nguyen_Tri_Phuong,_P._4",10,4.85,290000
D10_0257,Thik_Wa_Ahh__Trai_Cay_Xo,Restaurant,Vietnamese,702/1_Su_Van_Hanh,10,4.85,50000
D10_0258,Banh_Trang_Mam__Cao_Thang_Noi_Dai,Restaurant,Vietnamese,"183_Cao_Thang_Noi_Dai,_P._12",10,3.3,7500
D10_0259,Tra_Sua_Ong_Gia__Shop_Online,Restaurant,Vietnamese,"162_Tan_Phuoc,_P._6",10,4,28500
D10_0260,Gao__Com_Chay_Nha_Lam,Restaurant,Vietnamese,"QQ4_Ba_Vi,_P._15",10,3.5,150000
D10_0261,Quan_Com_Chay_Thanh_Luong,Restaurant,Vietnamese,"545A_Duong_3_Thang_2,_P._8",10,3.4,35000
D10_0262,Bun_Dau_Cuon_Mien_Tay,Bistro,Vietnamese,"830_-__10A2_Su_Van_Hanh_Noi_Dai,_P._12",10,3.45,42500
D10_0263,Kohaku_Sushi__Van_Hanh_Mall,Restaurant,Japanese,"Van_Hanh_Mall,_11_Su_Van_Hanh,_P._12",10,3.65,392000
D10_0264,Xuan_Thy_163__Trai_Cay_Dam_&_Trai_Cay_To,Cafe,Vietnamese,"163_Thanh_Thai,_P._14",10,4.85,32000
D10_0265,Mon_Ngon_Nha_Mi__An_Vat_Nha_Lam,Restaurant,Vietnamese,"369/28_Ly_Thai_To,_P._9",10,4.15,30000
D10_0266,Royaltea_Viet_Nam__Tra_Sua_Hong_Kong__Su_Van_Hanh,Cafe,Chinese,"800_Su_Van_Hanh,_P._12",10,3.6,48000
D10_0267,Tra_Sua_Heekcaa_Viet_Nam__Nguyen_Tri_Phuong,Cafe,Vietnamese,220_Nguyen_Tri_Phuong,10,3.8,50000
D10_0268,Yi_Jia_Dessert__Che_Hong_Kong_&_Dai_Loan,Cafe,Taiwanese,"363_Vinh_Vien,_P._5",10,4,34000
D10_0269,Pho_24__Nguyen_Tri_Phuong,Restaurant,Vietnamese,"319_Nguyen_Tri_Phuong,_P._5",10,3.15,40000
D10_0270,Banh_Khot_267,Restaurant,Vietnamese,"606/42_Duong_3_Thang_2,_P._14",10,3.2,6000
D10_0271,Rau_Ma_Ba_Gia__Duong_3_Thang_2,Cafe,Vietnamese,"692_Duong_3_Thang_2,_P._14",10,3.7,22500
D10_0272,Hu_Tieu_Nam_Vang_Hoang__Vinh_Vien,Bistro,Vietnamese,"259A_Vinh_Vien,_P._4",10,3.35,37500
D10_0273,NuBei__Cong_Vien_Le_Thi_Rieng,Restaurant,Vietnamese,Nga_Tu_Goc_Cong_Vien_Le_Thi_Rieng_-_Cach_Mang_Thang_8,10,4,23000
D10_0274,Quan_Chay_Phuc_An_An_Gia,Restaurant,Vietnamese,163/21/3_To_Hien_Thanh,10,3.5,35000
D10_0275,Hai_Binh__Bun_Mang_&_Chao_Vit_Ga,Bistro,Vietnamese,"343/1A_To_Hien_Thanh,_P._12",10,3.1,112500
D10_0276,Winnie's_Vietnam_Milktea,Cafe,Taiwanese,"764_Su_Van_Hanh,_P._12",10,3.95,45000
D10_0277,Relax_Bear__Tra_Sua_&_Xien_Que,Cafe,Vietnamese,"537_Su_Van_Hanh,_P._13",10,3.75,35000
D10_0278,Oc_La__Cach_Mang_Thang_8,Bistro,Vietnamese,"283/10_Cach_Mang_Thang_8_,_P._12",10,3.95,39000
D10_0279,Ko'k__An_Vat__Vinh_Vien,Restaurant,Vietnamese,"209B_Vinh_Vien,_Phuong_4",10,4.85,17500
D10_0280,Red_Apple__Trai_Cay_To,Restaurant,Vietnamese,218_To_Hien_Thanh,10,3.85,22500
D10_0281,Banh_Trang_Nuong__Ho_Thi_Ky,Restaurant,Vietnamese,"57/19_Ho_Thi_Ky,_P._1",10,3.4,14500
D10_0282,Quan_79_Nem_Nuong,Bistro,Vietnamese,"626_Ba_Hat,_P._6",10,4.85,37500
D10_0283,Wagashi__Banh_Trung_Thu_Dieu_Khac,Bakery,Japanese,"402_Ngo_Gia_Tu,_P._4",10,3.6,280000
D10_0284,VietFresh_Lounge,Cafe,Vietnamese,"7A/51_Thanh_Thai,_P._14",10,3.6,37500
D10_0285,Bun_Mam_Sau_Ken,Bistro,Vietnamese,"Hem_412_Nhat_Tao,_P._6",10,3.6,37500
D10_0286,Mr._Cake__Thanh_Thai,Bakery,Japanese,"150_Thanh_Thai_,_P._12",10,3.45,94000
D10_0287,Com_Chay_Cha_Bong_Chat,Restaurant,Vietnamese,"375_Cach_Mang_Thang_8,_P._12",10,3.85,12500
D10_0288,Bun_Mam_Bac_Lieu,Bistro,Vietnamese,"257_Vinh_Vien,_P._4",10,4.85,65000
D10_0289,Dolpan_Sam__Nuong_Ban_Da_Han_Quoc__Van_Hanh_Mall,Restaurant,Korean,"Tang_5_-_10_Van_Hanh_Mall,_11_Su_Van_Hanh,_P._12",10,3.1,275000
D10_0290,Cua_Hang_An_Uong_So_12__Dong_Nai,Bistro,Vietnamese,"12_Dong_Nai,_P._15",10,3.1,43000
D10_0291,Thai_Express__Mon_Thai__Van_Hanh_Mall,Restaurant,Thailand,"12_Van_Hanh_Mall,_11_Su_Van_Hanh,_P._12",10,3.6,150000
D10_0292,Co_Oanh__Cut_Chien_Bo,Restaurant,Vietnamese,212_To_Hien_Thanh,10,3.65,9500
D10_0293,Mi_Tron_Ten_Lua__Cach_Mang_Thang_8,Bistro,Vietnamese,"283/22_Cach_Mang_Thang_8,_P._12",10,4.85,45000
D10_0294,Hai_Cay_Dua__Banh_Mi_Chien_Tom_&_Ca_Ri,Bistro,Vietnamese,"163/1_To_Hien_Thanh,_P.13",10,3.6,37500
D10_0295,KOI_The__Nguyen_Tri_Phuong,Cafe,Singapore,266_Nguyen_Tri_Phuong,10,3.6,50000
D10_0296,Long_Monaco__Van_Hanh_Mall,Restaurant,Asian,"B1_Van_Hanh_Mall,_11_Su_Van_Hanh,_P._12",10,3.25,110000
D10_0297,Che_163__To_Hien_Thanh,Bistro,Vietnamese,"163/29_To_Hien_Thanh,_P._14",10,3.4,16000
D10_0298,Quynh_Quan__Bun_Cha_Ha_Noi,Bistro,Vietnamese,"CC5_Truong_Son,_P._15",10,3.65,42500
D10_0299,Thien_Phuc__Bo_Ne_Hoa_Hung,Bistro,Vietnamese,180_Hoa_Hung,10,3.7,40000
D10_0300,Chao_Hen_Rau_Dang__Ho_Thi_Ky,Bistro,Vietnamese,"93/24_Ho_Thi_Ky,_P._1",10,4,22000
D10_0301,Bia_Tiep_Lan_Anh,Restaurant,Vietnamese,291_Cach_Mang_Thang_8,10,3.85,366500
D10_0302,Bun_Dau_O_Quan_Chuong__Su_Van_Hanh,Bistro,Vietnamese,"Hem_796_Su_Van_Hanh,_P._12",10,4.85,77500
D10_0303,Quan_Goi_Cuon_Hanh,Restaurant,Vietnamese,"420A_Hoa_Hao,_P._5",10,3.9,8000
D10_0304,Coffee_101,Cafe,Vietnamese,"Tang_2,_758_-_760_Su_Van_Hanh,_P._12",10,4.85,35000
D10_0305,Unicorn_Tea_Fruit,Cafe,Vietnamese,"Lo_M_Chung_Cu_Ngo_Gia_Tu,_40_Tran_Nhan_Ton,_P._2",10,4.35,35000
D10_0306,Tra_Sua_Hoa_Huong_Duong__Su_Van_Hanh,Cafe,Vietnamese,"369_Su_Van_Hanh,__P._12",10,3.3,37500
D10_0307,Hoi_An_Quan__Cach_Mang_Thang_8,Restaurant,Vietnamese,"285/94A_Cach_Mang_Thang_8,_P._12",10,3.15,160000
D10_0308,Bep_Nha_Ba_Xa__Dien_Bien_Phu,Bistro,Vietnamese,"324/1_Dien_Bien_Phu,_P._11",10,3.75,55000
D10_0309,Minh_Anh_Quan__Bun_Rieu_&_Canh_Bun,Bistro,Vietnamese,270_Nguyen_Chi_Thanh,10,4.85,25000
D10_0310,Nha_Hang_Thien_Quoc_Chay,Restaurant,Vietnamese,"766/18_Su_Van_Hanh_Noi_Dai,_P._12",10,3.2,48000
D10_0311,Rue_Of_Chic_Cafe_Phim_Truong,Cafe,Vietnamese,"Lau_3_Khu_C_Duy_Tan_Plaza,_171_Cao_Thang_(Noi_Dai),_P._12",10,3.15,31000
D10_0312,Rok_Saigon_Kafe,Cafe,Vietnamese,"403_Su_Van_Hanh,_P._12",10,4.55,52000
D10_0313,Bot_Chien__Nguyen_Kim,Restaurant,Vietnamese,"187_Nguyen_Kim,_P._7",10,3.1,19500
D10_0314,Nhat_Cafe,Cafe,Vietnamese,"354/30_Ly_Thuong_Kiet,_P._14",10,4,32500
D10_0315,Bun_Dau_Mam_Tom__Tran_Thien_Chanh,Bistro,Vietnamese,"5_Tran_Thien_Chanh,_P._12",10,3.75,26500
D10_0316,Cao's_Bakery__Banh_Mi_Pho_Mai_Online,Restaurant,Vietnamese,"163/24/27_To_Hien_Thanh,_P._13",10,3.25,140000
D10_0317,Bep_Banh_Anh_Hai__Shop_Online,Restaurant,Vietnamese,"152/9_Thanh_Thai,_P._12",10,3.45,60000
D10_0318,Da_Lat_Pho_Cafe__Truong_Son,Cafe,Vietnamese,"N40_Truong_Son,_P.15",10,3.6,50000
D10_0319,A_Tung__Banh_Mi_Bo_Nuong_Bo_Cambodia__Le_Hong_Phong,Restaurant,Cambodia,"837_Le_Hong_Phong,_P._12",10,3.15,10000
D10_0320,LiBB_House__Coffee_&_Tea,Cafe,Vietnamese,"198B_Nguyen_Kim,_P._6",10,3.85,32500
D10_0321,Quan_Lau_De__Lau_Bo,Restaurant,Vietnamese,9_Tran_Thien_Chanh,10,4.85,107500
D10_0322,T'Colours_Coffee__Duong_3_Thang_2,Cafe,Vietnamese,"458/12_Duong_3_Thang_2,_P._12",10,3.75,30000
D10_0323,Delicioso__Tacos_Fusion,Bistro,Mexican,"533/5_Nguyen_Tri_Phuong,_P._8",10,4.2,40000
D10_0324,Cha_Ga_Jambon__Shop_Online,Restaurant,Vietnamese,"402_Ngo_Gia_Tu,_P._4",10,3.8,275000
D10_0325,Khe_Zone,Bar,Vietnamese,"1_Dong_Nai,_P._15",10,3,77500
D10_0326,Lankute_Bun_Cha_Ha_Noi__Bun_Dau_Pho_Co,Bistro,Vietnamese,"478_Nguyen_Tri_Phuong,_P._9",10,3.25,45000
D10_0327,Quan_An_Gia_Dinh_168,Bar,Vietnamese,350_Bac_Hai,10,3.55,160000
D10_0328,Ga_Sot_Cay_&_Khong_Cay_Pho_Mai__Le_Hong_Phong,Bistro,Thailand,"438/44_Le_Hong_Phong,_P.1",10,3.75,25000
D10_0329,Nha_Hang_Chay_Chuong_Vang,Restaurant,Vietnamese,"769_Le_Hong_Phong_,_P._12",10,3.6,90000
D10_0330,Lau_Bo_Sai_Gon_Vivu__Van_Hanh_Mall,Restaurant,Vietnamese,"B2_Van_Hanh_Mall,_11_Su_Van_Hanh,_P._12",10,3.35,125000
D10_0331,Kea_Kea_Tea__Tra_Sua_Hoa_Nghe_Tay,Bistro,Vietnamese,"310_Duong_3_Thang_2,_P._12",10,4.2,47500
D10_0332,GocobeaN_Coffee,Cafe,Vietnamese,"343/6_Nguyen_Tri_Phuong,_P._5",10,3.85,34500
D10_0333,Quan_Le__Com_Suon_Nuong_&_Com_Ga_Nuong,Bistro,Vietnamese,"28_Tran_Thien_Chanh,_P._12",10,3.2,35000
D10_0334,Lap_Xuong_Xong_Mia__Shop_Online,Restaurant,Vietnamese,"402_Ngo_Gia_Tu,_P._4",10,3.95,280000
D10_0335,Mau_Cua_Gio_Coffee,Cafe,Vietnamese,"545/2_Duong_3_Thang_2,_P._8",10,3.8,42500
D10_0336,S2_Cafe__Cafe_San_Thuong,Cafe,Vietnamese,"Tang_9,_614_-_618_Duong_3_Thang_2,_P._14",10,3.65,32000
D10_0337,BBang_House__Fresh_Bakery_&_Cafe__Su_Van_Hanh,Cafe,Vietnamese,"551_Su_Van_Hanh,_P._12",10,3.8,30000
D10_0338,Ca_Vien_Chien_Vinh_Ky__Hoa_Hao,Restaurant,Vietnamese,"500_Hoa_Hao,_P.5",10,3.45,22500
D10_0339,Che_Co_Co,Restaurant,Vietnamese,"51_Sap_1D_Cho_Le_Hong_Phong,_Le_Hong_Phong,_P._1",10,3,20000
D10_0340,So_Ciu__Mi_Y_&_Tra_Sua_Tui_Zipper,Restaurant,Vietnamese,"141-143_Vinh_Vien,_P._4",10,3.45,24500
D10_0341,Banh_Canh_Cua_Co_Chau__Ba_Hat,Restaurant,Vietnamese,Hem_568_Ba_Hat,10,4.85,32500
D10_0342,DOHO_Beer_Garden,Bar,Vietnamese,"16A2_Le_Hong_Phong_Noi_Dai,_P._12",10,3.7,300000
D10_0343,Dong_Ho_Cafe,Cafe,Vietnamese,"197_Cao_Thang,_P._12",10,3.35,187500
D10_0344,Che_Buoi_&_Banh_Flan__Ngo_Quyen,Restaurant,Vietnamese,"Via_He_252_Ngo_Quyen,_P._8",10,3.65,9000
D10_0345,2_Chi_Em__Com_Ga_Vietnam__Truong_Son,Bistro,Vietnamese,"CC19_Truong_Son,_P._15",10,3.35,31000
D10_0346,Ghien_Coffee_&_Tea,Cafe,Vietnamese,65_Tran_Thien_Chanh,10,4,26000
D10_0347,Chang_Kang_Kung__Hap_Thuy_Nhiet_Hong_Kong__Van_Hanh_Mall,Restaurant,Chinese,"Tang_6_Van_Hanh_Mall,_11_Su_Van_Hanh,_P._12",10,3.8,300000
D10_0348,Banh_Beo_Hue__Ho_Thi_Ky,Restaurant,Vietnamese,"382/47_Le_Hong_Phong,_P._1",10,3.25,32500
D10_0349,Banh_Mi_Ba_Noi__Banh_Mi_Thit_Nuong,Restaurant,Vietnamese,"246/55A_Hoa_Hung,_P._13",10,4.3,22500
D10_0350,Banh_Canh_Ca_Loc__Banh_Bot_Loc_Hue,Bistro,Vietnamese,"154/3_Ho_Ba_Kien,_P._15",10,3.55,18000
D10_0351,Ba_Le__Banh_Mi_Tho_Nhi_Ky,Bistro,USA,"206_Vinh_Vien,_P._4",10,3.1,16500
D10_0352,Banh_Xeo_De_Nhat__Shop_Online,Restaurant,Vietnamese,"251/1_Tran_Nhan_Ton,_P._2",10,4.1,25000
D10_0353,"Fresh_Up__Nuoc_Ep,_Sinh_to_Homemade_Online",Restaurant,Vietnamese,"158/9Y_Hoa_Hung,_P._13",10,3.5,21500
