id,Name,Type,Cuisine,Address,District,Rating,Average
TP_0001,The_Gioi_An_Vat__Nguyen_Xuan_Khoat,Cafe,Vietnamese,"100D_Nguyen_Xuan_Khoat,_P._Tan_Thanh",Tan_Phu,4.85,17500
TP_0002,BE__BOT_CHIEN__PHAM_VAN,Restaurant,Vietnamese,"11_Pham_Van,_P._Phu_Tho_Hoa,",Tan_Phu,3.35,9500
TP_0003,Ga_Sai_Gon__Le_Sat,Bistro,Vietnamese,"111_Le_Sat,_P._Tan_Quy,",Tan_Phu,3.55,354000
TP_0004,Sumo_BBQ__TTTM_Dong_Phuong__Buffet_Nuong__Lau,Restaurant,Japanese,"TTTM_Dong_Phuong,_685_Au_Co,_P._Tan_Thanh",Tan_Phu,4.35,400000
TP_0005,Vuon_Thien_Thai__Nha_Hang__Tiec_Cuoi,Restaurant,Vietnamese,669__701__701A_Truong_Chinh_P._Tay_Thanh,Tan_Phu,3.4,700000
TP_0006,Hana_BBQ__Hot_Pot_Buffet__Tan_Son_Nhi,Restaurant,Japanese,"206_Tan_Son_Nhi,_P._Tan_Son_Nhi,",Tan_Phu,3.15,266000
TP_0007,Pepper_Lunch__AEON_Mall_Tan_Phu,Restaurant,Japanese,"Gian_Hang_L3,_AEON_Mall_Tan_Phu,_30_Bo_Bao_Tan_Thang,_P._Son_Ky,",Tan_Phu,3.65,375000
TP_0008,Chan_May_Bo_Tung_Xeo__Nguyen_Van_Sang,Restaurant,Vietnamese,"65_Nguyen_Van_Sang,_P._Tan_Son_Nhi,",Tan_Phu,3.6,375000
TP_0009,Jenny_House__Huynh_Thien_Loc,Bakery,Asian,"52/26_Huynh_Thien_Loc,_P._Hoa_Thanh,",Tan_Phu,4,250000
TP_0010,Melisa_Center__Trung_Tam_Tiec_Cuoi_Hoi_Nghi,Restaurant,Vietnamese,"85_Thoai_Ngoc_Hau,_P._Hoa_Thanh,",Tan_Phu,4.05,3450000
TP_0011,Coca_Macaron_Bakery,Bakery,Vietnamese,"312_Trinh_Dinh_Trong,_P._Hoa_Thanh,",Tan_Phu,4,8750
TP_0012,Bach_Kim__Tiec_Cuoi__Hoi_Nghi,Restaurant,Vietnamese,"579_Au_Co,_P._Phu_Trung,",Tan_Phu,3,2850000
TP_0013,Tiec_Cuoi_Nam_Bo,Restaurant,Vietnamese,"615A_Au_Co,__P._Hoa_Thanh,",Tan_Phu,3.2,2750000
TP_0014,BBQ_House__Buffet_Nuong__Lau_Han_Quoc__Le_Trong_Tan,Restaurant,Korean,"433_Le_Trong_Tan,_P._Son_Ky,",Tan_Phu,3.9,299000
TP_0015,Musang_King__Sau_Rieng_Malaysia__Shop_Online,Restaurant,Malaysian,"1_Do_Nhuan,_P._Son_Ky",Tan_Phu,4.5,415000
TP_0016,PewPew__Chan_Ga__Chan_Vit_Rut_Xuong_Sa_Tac__Shop_Online__Phu_Tho_Hoa,Restaurant,Vietnamese,"156/74_Phu_Tho_Hoa,_P._Phu_Tho_Hoa,",Tan_Phu,3.55,170000
TP_0017,Dookki_Viet_Nam__Lau__Buffet_Tokpokki__AEON_Mall_Tan_Phu,Restaurant,Korean,"Tang_3,_AEON_Mall_Tan_Phu,_30_Bo_Bao_Tan_Thang,_P._Son_Ky",Tan_Phu,3.4,317000
TP_0018,Lau_Bang_Chuyen_Osaka1__Luy_Ban_Bich,Restaurant,Japanese,"455_Luy_Ban_Bich,_P._Hoa_Thanh,",Tan_Phu,3.15,144000
TP_0019,Ushi_Mania__Japanese_Meat_Bar,Restaurant,Japanese,"Lo_T26,_Tang_3_Aeon_Mall_Tan_Phu,_30_Bo_Bao_Tan_Thang,_P._Son_Ky,",Tan_Phu,3.6,300000
TP_0020,Nijyu_Maru__AEON_Mall_Tan_Phu,Restaurant,Japanese,"First_Floor,_Tang_1_AEON_Mall_Tan_Phu,_30_Bo_Bao_Tan_Thang,_P._Son_Ky,",Tan_Phu,3.15,160000
TP_0021,Pho_Nuong_Tu_Tri__Nguyen_Suy,Restaurant,Vietnamese,"206_Nguyen_Suy,_P._Tan_Quy,",Tan_Phu,3.55,160000
TP_0022,Ut_Quynh__Ga_Nuong_Muoi_Ot__Tan_Ky_Tan_Quy,Restaurant,Vietnamese,"100_Tan_Ky_Tan_Quy,_P._Tay_Thanh",Tan_Phu,4.3,115000
TP_0023,Chu_Teo_Buffet_Nuong_99K__320_Tan_Ky_Tan_Quy,Restaurant,Vietnamese,"320_Tan_Ky_Tan_Quy,_Phuong_Son_Ky,",Tan_Phu,3.35,109000
TP_0024,Nha_Hang_Cu_Dat__Am_Thuc_Viet_Nam,Restaurant,Vietnamese,"481_Le_Trong_Tan,_P._Son_Ky,",Tan_Phu,4,122500
TP_0025,Goc_Bep_Me_Sun,Restaurant,Vietnamese,"2/1_Do_Nhuan,_P._Son_Ky,",Tan_Phu,4.55,225000
TP_0026,Starbucks_Coffee__Pandora_City,Cafe,USA,"Tang_Tret_Pandora_City,_1/1_Truong_Chinh,_P._Tay_Thanh,",Tan_Phu,3.95,110000
TP_0027,Chang_Kang_Kung__Hap_Thuy_Nhiet_Hong_Kong__AEON_Mall_Tan_Phu,Restaurant,Chinese,"Floor_3,_AEON_Mall_Tan_Phu,_30_Bo_Bao_Tan_Thang,_P._Son_Ky,",Tan_Phu,3.75,175000
TP_0028,Marukame_Udon__AEON_Mall_Tan_Phu,Restaurant,Japanese,"Floor_3,_AEON_Mall_Tan_Phu,_30_Bo_Bao_Tan_Thang,_P._Son_Ky,",Tan_Phu,3.75,112500
TP_0029,Lau_Nuong_Anh_Em,Bistro,Vietnamese,"88_Go_Dau,_P._Tan_Quy,",Tan_Phu,3.6,112500
TP_0030,Biscotti__Banh_Hat_Dinh_Duong__Phu_Tho_Hoa,Cafe,Asian,"156/74_Phu_Tho_Hoa,_P._Phu_Tho_Hoa,",Tan_Phu,5,105000
TP_0031,Artisan_Baked__Banh_Biscotti,Restaurant,Vietnamese,"156/74_Phu_Tho_Hoa,_P._Phu_Tho_Hoa,",Tan_Phu,4.95,80000
TP_0032,Kokekokko__Ga_Quay_Teriyaki__Pandora_City,Restaurant,Japanese,"Tang_4_Pandora_City,_1/1_Truong_Chinh,_P._Tay_Thanh,",Tan_Phu,3.6,82500
TP_0033,Tao_Ngo__Lau_Ga_La_E,Bistro,Vietnamese,"79A,B_Tran_Quang_Co,_P._Phu_Thanh,",Tan_Phu,3.65,125000
TP_0034,Quan_Trang__Lau_Bo,Bistro,Vietnamese,"61_Hoang_Thieu_Hoa,_P._Hiep_Tan,",Tan_Phu,3.7,80000
TP_0035,Beefsteak_Hoang_Gia__Luy_Ban_Bich,Restaurant,Vietnamese,"599_Luy_Ban_Bich,_P._Phu_Thanh,",Tan_Phu,3.4,107500
TP_0036,Nha_Hang_Sai_Gon_Xua__Nay__Nguyen_Son,Restaurant,Vietnamese,"53_Nguyen_Son,_P._Phu_Thanh,",Tan_Phu,3.25,275000
TP_0037,Bot_Chien_Tran_Phu,Bistro,Vietnamese,"477__479_Le_Trong_Tan,_P._Son_Ky,",Tan_Phu,3.75,150000
TP_0038,Banh_Canh_Cua_Bay,Bistro,Vietnamese,41_Cay_Keo_P._Hiep_Tan,Tan_Phu,3.4,100000
TP_0039,The_Alley__Tra_Sua_Dai_Loan__Le_Thiet,Cafe,Taiwanese,"39_Le_Thiet,_P._Phu_Tho_Hoa,",Tan_Phu,3.5,69000
TP_0040,Quan_Chi_Toi__Nhau_San_Vuon__Nguyen_Son,Bistro,Vietnamese,"3_Nguyen_Son,_P._Phu_Thanh,",Tan_Phu,3.05,100000
TP_0041,Bo_To_Nam_Sanh_Quyet_Thang__Tay_Thanh,Bistro,Southeast,"279_Tay_Thanh,_P._Tay_Thanh,",Tan_Phu,3.85,150000
TP_0042,O_Gai_Hue__Quan_Nhau_Binh_Dan,Bar,Vietnamese,"247_Hien_Vuong,_P._Phu_Thanh,",Tan_Phu,4.4,125000
TP_0043,Lau_De_Tuan_Hung__Thoai_Ngoc_Hau,Bistro,Vietnamese,"214_Thoai_Ngoc_Hau,_P._Phu_Thanh,",Tan_Phu,3.55,135000
TP_0044,Bach_Tuoc_Nuong_Kien_Giang,Bistro,Vietnamese,173_Kenh_Tan_Hoa_P._Hoa_Thanh,Tan_Phu,3.4,150000
TP_0045,Chao_Ech_U,Restaurant,Vietnamese,"166B_Go_Dau,_P._Tan_Quy,",Tan_Phu,4.05,55000
TP_0046,Mr_Nhoi__Heo_Quay_Tay_Bac__Tan_Ky_Tan_Quy,Bistro,Vietnamese,"161_Tan_Ky_Tan_Quy,_P._Tan_Son_Nhi,",Tan_Phu,4.65,175000
TP_0047,Quan_Oc_Bom,Restaurant,Vietnamese,"155_Nguyen_Son,_P._Phu_Tho_Hoa,",Tan_Phu,3.95,135000
TP_0048,Quan_Mr._Oc__Nuong__Lau,Bistro,Vietnamese,"140_Kenh_Tan_Hoa,_Phu_Trung,",Tan_Phu,3.65,75000
TP_0049,Oc_Nho_Sai_Gon__Trinh_Dinh_Trong,Bistro,Vietnamese,"136_Trinh_Dinh_Trong,",Tan_Phu,3.6,100000
TP_0051,Chicken_Go_Saigon__Shop_Online,Restaurant,Vietnamese,111_Le_Sat_P._Tan_Quy,Tan_Phu,3.4,75000
TP_0052,Niku_Town__Beer__BBQ__Hotpot,Bistro,Vietnamese,"101A_Bo_Bao_Tan_Thang,",Tan_Phu,3.25,125000
TP_0053,Chao_Ca__AEON_Mall_Tan_Phu,Restaurant,Vietnamese,"Floor_3,_AEON_Mall_Tan_Phu,_30_Bo_Bao_Tan_Thang,_P._Son_Ky,",Tan_Phu,4.5,599500
TP_0054,Trong_Com__Vietnamese_Casual_Food__AEON_Mall_Tan_Phu,Restaurant,Vietnamese,"Floor_3, ",Tan_Phu,4.05,147500
TP_0055,Nicky_BT__HBG__Beefsteak__Hamburger__AEON_Mall,Restaurant,Asian,________________________________________,Tan_Phu,3.4,77500
TP_0056,Xuan_Duc__Lau_Cua_Dong,Bistro,Vietnamese,"____________________________________________Tang_3_AEON_Mall_Tan_Phu,_30_Bo_Bao_Tan_Thang,_P._Son_Ky,",Tan_Phu,4.4,172500
TP_0057,Trung_Nguyen_Coffee__Pandora_City,Cafe,Vietnamese,Floor_2_AEON_Mall_30_Bo_Bao_Tan_Thang_P._Son_Ky,Tan_Phu,3.65,58500
TP_0058,Hurom_Juice_Cafe__Aeon_Mall_Tan_Phu,Cafe,Vietnamese,"2/11/1A_Nguyen_Van_Vinh,_P._Hiep_Tan,",Tan_Phu,3.6,95000
TP_0059,Nam_Ngoc_Hien__Tra_Quan,Cafe,Vietnamese,"Tang_1_Pandora_City,_1/1_Truong_Chinh,_P._Tay_Thanh,",Tan_Phu,4.55,120000
TP_0060,Tra_Sua_Gong_Cha__??__Nguyen_Son,Cafe,Taiwanese,"G_Floor,Tang_Tret_G29_Aeon_Mall_Tan_Phu,_30_Bo_Bao_Tan_Thang,",Tan_Phu,3.3,60000
TP_0061,QGateaux__Tiem_Banh_Online,Restaurant,Vietnamese,"710/5_Luy_Ban_Bich,_P._Tan_Thanh,",Tan_Phu,3.8,120000
TP_0062,Dat_Quan__Hai_San__Oc,Bar,Vietnamese,"7_Nguyen_Son,_P._Phu_Thanh,",Tan_Phu,4,60000
TP_0063,Chao_Ech_Cay_Cay_2,Bistro,Vietnamese,"49/40/43_Trinh_Dinh_Trong,_P._Phu_Trung,",Tan_Phu,3.7,60000
TP_0064,Sapphire_Cafe,Cafe,Vietnamese,"35/19_Le_Nga,_P._Phu_Trung,",Tan_Phu,3.25,70000
TP_0065,Quan_Bo_To_Tay_Ninh_A.Bay,Bistro,Vietnamese,"314_Tan_Son_Nhi,_P._Tan_Son_Nhi,",Tan_Phu,4.35,144500
TP_0066,Suon_Muoi_Ot__Thoai_Ngoc_Hau,Bistro,Vietnamese,"1_Kenh_Tan_Hoa,_P._Hoa_Thanh",Tan_Phu,4.8,214000
TP_0067,Lau_Tom_Cang_Cajun,Restaurant,Vietnamese,"18_Thach_Lam,_P._Phu_Thanh,",Tan_Phu,3.15,104000
TP_0068,LAMY_Coffee_Shop,Cafe,Vietnamese,"171_Thoai_Ngoc_Hau,_P._Phu_Thanh,",Tan_Phu,4.35,44000
TP_0069,Ca_Ri_Ga_Ta__Bun_Ca_Ri_Ga_Ta,Bistro,Vietnamese,"155_Kenh_Tan_Hoa,_P._Hoa_Thanh,",Tan_Phu,3.4,39500
TP_0070,MDT__Many_Different_Tastes_Coffee__Pandora_City,Cafe,Italian,"158_Go_Dau,_P._Tan_Quy,",Tan_Phu,3.75,72500
TP_0071,A_Doi__Ga_Ta_Quan__AEON_Mall_Tan_Phu,Restaurant,Vietnamese,"314_Thoai_Ngoc_Hau,_P._Phu_Thanh,",Tan_Phu,4.15,255000
TP_0072,Tra_Sua_Heekcaa_Sai_Gon__Celadon_City,Cafe,Asian,"Tang_4_Pandora_City,_1/1_Truong_Chinh,_P._Tay_Thanh,",Tan_Phu,3.75,47500
TP_0073,Tuyet_Nhu__Be_Thui__Hai_San,Restaurant,Vietnamese,"Tang_3, Lo_T41_Tang_3,_AEON_Mall_Tan_Phu,_30_Bo_Bao_Tan_Thang,_P._Son_Ky,",Tan_Phu,3.3,72500
TP_0074,Banh_Canh_Ghe_Trang__Luy_Ban_Bich,Bistro,Vietnamese,"E1__19_Celadon_City,_36_Bo_Bao_Tan_Thang,_P._Son_Ky,",Tan_Phu,4,67500
TP_0075,HappySteak__Beefsteak__Spaghetti__Tan_Son_Nhi,Restaurant,Vietnamese,"7_Tan_Thanh,_P.Hoa_Thanh,",Tan_Phu,3.95,192500
TP_0076,The_Gioi_Steak__Tan_Son_Nhi,Restaurant,Asian,"587_Luy_Ban_Bich,_P._Phu_Thanh,",Tan_Phu,3.3,72500
TP_0077,Get_Saladish__Salad__Sandwich__Shop_Online,Restaurant,USA,"458C_Tan_Son_Nhi,_P._Tan_Quy,",Tan_Phu,4.1,60000
TP_0078,2_Chi_Em__Com_Ga_Nha_Trang__Doc_Lap,Bistro,Vietnamese,"456_Tan_Son_Nhi,_P._Tan_Quy,",Tan_Phu,4.6,45000
TP_0079,Pho_Kho_Gia_Lai__Tan_Son_Nhi,Bistro,Vietnamese,"4/5_Nghiem_Toan,_P._Hoa_Thanh,",Tan_Phu,3.25,45000
TP_0080,Bun_Ca_Ro_Dong__Tan_Son_Nhi,Bistro,Vietnamese,"272_Doc_Lap_,_P._Tan_Thanh,",Tan_Phu,3.6,50500
TP_0081,Dac_Hoa__Vit_Quay__Heo_Quay__Tan_Ky_Tan_Quy,Bistro,Chinese,"207_Tan_Son_Nhi,",Tan_Phu,3.75,155000
TP_0082,Che_Tuyet_Yen_San_San__Shop_Online__Le_Thuc_Hoach,Restaurant,Vietnamese,"205_Tan_Son_Nhi,_P._Tan_Son_Nhi,",Tan_Phu,4.65,37500
TP_0083,Chao_Suon_Chu_Chen__Tan_Son_Nhi,Bistro,Vietnamese,"173A_Tan_Ky_Tan_Quy,_P._Tan_Son_Nhi,",Tan_Phu,4.1,57000
TP_0084,Royaltea_Vietnam_By_Hongkong__Tan_Quy,Cafe,Chinese,"127/5/9_Le_Thuc_Hoach,_P._Phu_Tho_Hoa,",Tan_Phu,3.95,41500
TP_0085,Bo_Ne_Vinh_Chi_Thinh,Bistro,Vietnamese,"111_Tan_Son_Nhi,_P._Tan_Son_Nhi,",Tan_Phu,4.85,38000
TP_0086,"Com__Bun_Dau,_Bun_Cha_Ha_Noi",Restaurant,Vietnamese,"22_Tan_Quy,_P._Tan_Quy,",Tan_Phu,3.95,40000
TP_0087,Trung_Ky__Diem_Tam_Hongkong,Bistro,Chinese,"8_Pham_Van,_P._Phu_Tho_Hoa,",Tan_Phu,3.45,45000
TP_0088,Hu_Tieu_Mi_Du_Ky__Luy_Ban_Bich,Bistro,Vietnamese,"Tang_4_Pandora_City,_1/1_Truong_Chinh,_P._Tay_Thanh,",Tan_Phu,4.4,40000
TP_0089,Hangu__Am_Thuc_Han_Quoc__Vuon_Lai,Bistro,Korean,"Hem_239/18B_Khuong_Viet,_P._Phu_Trung,",Tan_Phu,4.2,115000
TP_0090,Bun_Dau_Nha_Que,Bistro,Vietnamese,"91_Luy_Ban_Bich,_P._Tan_Thoi_Hoa,",Tan_Phu,4.1,65000
TP_0091,Ong_Nau_Spaghetti__Tan_Quy,Bistro,Italian,"74/6_Vuon_Lai,_P._Tan_Thanh,",Tan_Phu,4.05,40000
TP_0092,I_Love_Kem__Luy_Ban_Bich,Cafe,Vietnamese,"7_Huynh_Thien_Loc,_P._Hoa_Thanh,",Tan_Phu,3.5,40000
TP_0093,Thanh_Dat__Hu_Tieu_Nam_Vang__Au_Co,Bistro,Vietnamese,"67_Tan_Quy,_P._Tan_Quy,",Tan_Phu,3.5,35000
TP_0094,Oc_Ty__Thach_Lam,Bistro,Vietnamese,"654_Luy_Ban_Bich,_P._Tan_Thanh,",Tan_Phu,3.35,42500
TP_0095,Mi_Vit_Tiem_Thuong_Hai,Bistro,Chinese,"609_Au_Co,_P._Phu_Trung,",Tan_Phu,3.6,40000
TP_0096,Nha_Hang_Chay_Doa_Sen_Vang__Tran_Hung_Dao,Bistro,Vietnamese,"58/7_Thach_Lam,_P._Phu_Thanh,",Tan_Phu,3.4,70000
TP_0097,Conafood__Bo_Hau_Sot_Cay,Bistro,Vietnamese,"50/1_Go_Dau,_P._Tan_Quy,",Tan_Phu,4.2,65000
TP_0098,Bun_Cha_Ha_Noi_Xua__Vuon_Lai,Bistro,Vietnamese,5_Tran_Hung_Dao_P._Tan_Thanh,Tan_Phu,3.6,40000
TP_0099,Quan_Oc_399__Tay_Thanh,Restaurant,Vietnamese,"48_Le_Thuc_Hoach,_P._Phu_Tho_Hoa,",Tan_Phu,3.15,70000
TP_0100,Bun_Dau_Mam_Tom_3_Chi_Em,Bistro,Vietnamese,"47_Vuon_Lai,_P._Phu_Tho_Hoa,",Tan_Phu,3.35,40000
TP_0101,Banh_Xeo_76__Nguyen_Huu_Tien,Bistro,Vietnamese,"399_Tay_Thanh,",Tan_Phu,3.3,40000
TP_0102,Banh_Deli__Banh_Trung__Tiramisu,Bistro,Vietnamese,"335_Tan_Son_Nhi,_P._Tan_Son_Nhi,",Tan_Phu,4.5,40000
TP_0103,Com_Tam_Duong_Pho,Bistro,Vietnamese,"31_Nguyen_Huu_Tien,",Tan_Phu,3.5,40000
TP_0104,Quan_An_Tam_Ky__Tay_Thanh,Bistro,Vietnamese,"28_Do_Thi_Tam,_P._Tan_Quy,",Tan_Phu,3.4,40000
TP_0105,A_Xin__Chan_Ga_Rut_Xuong_Ngam_Sa_Tac__Go_Dau__Shop_Online,Restaurant,Vietnamese,"272_Doc_Lap,",Tan_Phu,4.95,65000
TP_0106,Bo_La_Lot_149__Kenh_Tan_Hoa,Restaurant,Vietnamese,268_Tay_Thanh_P._Tay_Thanh,Tan_Phu,3.75,30000
TP_0107,Mi_Cay_Seoul,Bistro,Korean,"234_Go_Dau,_P._Tan_Quy,",Tan_Phu,3.55,40000
TP_0108,Quan_Chay_An_Nhien,Restaurant,Vietnamese,"22J_Kenh_Tan_Hoa,_P._Phu_Trung,",Tan_Phu,3.75,315000
TP_0109,Nha_Hang_Tiec_Cuoi_Kalina,Restaurant,Vietnamese,"203_Tay_Thanh,_P._Tay_Thanh,",Tan_Phu,3.45,1015000
TP_0110,Chao_Tieu__Chao_Trung_Bien,Bistro,Chinese,"140_Truong_Vinh_Ky,_P._Tan_Thanh,",Tan_Phu,3.65,42500
TP_0111,Ga_Ta_Ngon_So_1__Com_Ga_Chao_Ga__Goi_Ga__Truong_Vinh_Ky,Bistro,Vietnamese,"105__107_Bo_Bao_Tan_Thang,_P._Son_Ky,",Tan_Phu,3.4,157000
TP_0112,Mol_Tea__174B_Trinh_Dinh_Trong,Cafe,Vietnamese,"104/22B_Trinh_Dinh_Trong,_P._Phu_Trung,",Tan_Phu,4.65,35500
TP_0113,Chan_Ga_Ngon_So_1__Chan_Ga_Rut_Xuong_Ngam_Sa_Tac,Restaurant,Vietnamese,231_Truong_Vinh_Ky_P._Tan_Thanh,Tan_Phu,3.75,43000
TP_0114,Kho_Heo_Cha_Bong_Ngoc_Suong__Shop_Online,Restaurant,Vietnamese,"174B_Trinh_Dinh_Trong,_P._Phu_Trung,",Tan_Phu,3.75,64000
TP_0115,Thanh__Bun_Ca__Hu_Tieu_Muc,Bistro,Vietnamese,"156/74_Phu_Tho_Hoa,_P._Phu_Tho_Hoa,",Tan_Phu,4.65,34000
TP_0116,Dong_Hung__Mi_Ga_Quay,Bistro,Vietnamese,"Toa_Nha_Sacomreal,_Luy_Ban_Bich",Tan_Phu,3.35,54000
TP_0117,Pho_HOT,Bistro,Vietnamese,"331_Au_Co,_P._Phu_Trung,",Tan_Phu,3.4,41500
TP_0118,De_Lima_Lau_Dai_Da__To_Hieu,Cafe,Vietnamese,"1B1C1D_Doc_Lap,_P._Tan_Thanh,",Tan_Phu,3.3,113500
TP_0119,Trung_Nguyen_Legend_Coffee__AEON_Mall_Tan_Phu,Cafe,Vietnamese,"140_Thach_Lam_P._Phu_Thanh,",Tan_Phu,3.35,103000
TP_0120,Fansipan__Korean_Coffee,Cafe,Korean,"110_To_Hieu,",Tan_Phu,3.65,40000
TP_0121,Hana_Food__Shop_Trai_Cay_Online,Restaurant,Vietnamese,"G_Floor,_Cong_B1/C1,_G61B_AEON_Mall_Tan_Phu,_30_Bo_Bao_Tan_Thang,_P._Son_Ky,",Tan_Phu,3.8,32500
TP_0122,The_Pi_Neo__Coffee__Tea,Cafe,Vietnamese,"Toa_Nha_Babylon,_683A_Au_Co,_P._Tan_Thanh",Tan_Phu,3.85,37500
TP_0123,Rica_Coffee,Cafe,Vietnamese,"Hem_144_Le_Trong_Tan,_P._Tay_Thanh,",Tan_Phu,3.95,37500
TP_0124,Tra_Sua_Mint__An_Vat__Tan_Thang,Cafe,Vietnamese,"G_Floor, 15_Vuon_Lai,_P._Phu_Tho_Hoa",Tan_Phu,4.95,27500
TP_0125,A_Tinh__Com_Lam__Bun_Thit_Nuong,Bistro,Vietnamese,"90__92_Tan_Huong,__P._Tan_Thanh,",Tan_Phu,4.65,30000
TP_0126,11:11_Coffee__Home,Cafe,Asian,"87/2_Tan_Thang,_P._Son_Ky,",Tan_Phu,3.8,30000
TP_0127,Thanh_My__Bun_Bo_Hue,Bistro,Vietnamese,"79/30_Phu_Tho_Hoa,_P._Phu_Tho_Hoa,",Tan_Phu,3.85,32500
TP_0128,Hu_Tieu_Muc_Nhu_Y__Nguyen_Son,Bistro,Vietnamese,"77_Pham_Van_Xao,",Tan_Phu,4.5,30000
TP_0129,"Di_Toi__Bun_Dau,_Bun_Cha__Banh_Cuon",Bistro,Vietnamese,"74_Truong_Vinh_Ky,",Tan_Phu,3.95,42500
TP_0130,Mini_Bangkok_Food_Online__Giao_Hang_Tan_Noi,Restaurant,Vietnamese,"59/19_Nguyen_Son,",Tan_Phu,3.75,87500
TP_0131,Nem_Nuong_Vietnamese_Co_Ut,Bistro,Vietnamese,"48_Phan_Dinh_Phung,_P._Tan_Thanh,",Tan_Phu,4,27500
TP_0132,InNOut_Cafe,Cafe,Vietnamese,"43A_Nguyen_Ngoc_Nhut,_P._Tan_Quy,",Tan_Phu,4.5,37500
TP_0133,Bun_Thai_Nang__Huynh_Van_Chinh,Bistro,Thailand,"42_Hoang_Van_Hoe,_P._Tan_Quy,",Tan_Phu,4.3,37500
TP_0134,Ngon_Nhat_Bakery__Thach_Lam,Bakery,Vietnamese,"229/64/40_Tay_Thanh,_P._Tay_Thanh,",Tan_Phu,3.4,40000
TP_0135,Royaltea__Cau_Xeo,Cafe,Asian,"18/B012_Chung_Cu_Huynh_Van_Chinh_1,_Huynh_Van_Chinh,_P._Phu_Trung,",Tan_Phu,3.45,38500
TP_0136,Co_Loan__Mi_Quang,Restaurant,Vietnamese,157_Thach_Lam_P.Hiep_Tan_Q._Tan_Phu_,Tan_Phu,4.4,27500
TP_0137,Mi_Quang_Lan__Thoai_Ngoc_Hau,Restaurant,Vietnamese,"15/60_Cau_Xeo,_P._Tan_Son_Nhi,",Tan_Phu,4.05,35000
TP_0138,Com_Tam_Phuoc_Beo,Bistro,Vietnamese,"15/22_Cau_Xeo,_P._Tan_Quy,",Tan_Phu,3.4,37500
TP_0139,Bun_Dau_3_Chi_Em__Nguyen_Son,Bistro,Vietnamese,"136_Thoai_Ngoc_Hau,_P._Phu_Thanh,",Tan_Phu,3.4,42500
TP_0140,Thang_12__Bun_Rieu__Bun_Bo__Nguyen_Quy_Anh,Bistro,Vietnamese,"123_Le_Thuc_Hoach,_P._Phu_Tho_Hoa,",Tan_Phu,4.8,42500
TP_0141,Bin__Trai_Cay_Xo,Restaurant,Vietnamese,112_Nguyen_Son_P._Phu_Thanh,Tan_Phu,3.85,23500
TP_0142,Am_Thuc_915,Restaurant,Vietnamese,"107_Nguyen_Quy_Anh,_P._Tan_Son_Nhi,",Tan_Phu,4,236000
TP_0143,Tien_Hai_Quan__Bun_Dau_Mam_Tom__Nguyen_Son,Bistro,Vietnamese,"95_Nguyen_The_Truyen,",Tan_Phu,3.55,38500
TP_0144,S_Coffee__Luy_Ban_Bich,Cafe,Vietnamese,"915_Au_Co,_P._Tan_Son_Nhi,",Tan_Phu,4.65,41000
TP_0145,Valentino_Cafe__Thoai_Ngoc_Hau,Cafe,Vietnamese,"39_Nguyen_Son,_P._Phu_Thanh,",Tan_Phu,3.5,35000
TP_0146,Tobokky_SIAM__Kenh_Tan_Hoa,Bistro,Korean,"262/3_Luy_Ban_Bich,_P._Hoa_Thanh,",Tan_Phu,3.4,37500
TP_0147,Che_Station__Nguyen_Thai_Hoc,Bistro,South,"Nga_ba_Thoai_Ngoc_Hau__Nguyen_Son,",Tan_Phu,4,35000
TP_0148,Cheri_Coffee__Tea__Luy_Ban_Bich,Cafe,Vietnamese,Doi_dien_519_Kenh_Tan_Hoa_P._Hoa_Thanh,Tan_Phu,4.85,37500
TP_0149,Thuy_Vu_Bakery__Shop_Online,Restaurant,Vietnamese,"89_Nguyen_Thai_Hoc,_P._Tan_Thanh,",Tan_Phu,3.7,310000
TP_0150,Quynh_Hoa__Oc_De_Tuoi__Hai_San,Bistro,Vietnamese,"74_Luy_Ban_Bich,_P._Tan_Thoi_Hoa,",Tan_Phu,3.4,85000
TP_0151,SherEPunjab_Cuisine__Am_Thuc_An_Do,Restaurant,Indian,"73/1/17_Tan_Son_Nhi,_P._Tan_Son_Nhi,",Tan_Phu,3.95,85000
TP_0152,Di_Hai_Xu_Nau_Banh_Cuon__Bun_Kho_Binh_Dinh,Restaurant,Vietnamese,691_Au_Co_P._Tan_Thanh,Tan_Phu,3.45,25000
TP_0153,Tra_Sua_Sumi__Dam_Than_Huy,Cafe,Vietnamese,"66_Nguyen_Cuu_Dam,_P._Tan_Son_Nhi,",Tan_Phu,3.3,27500
TP_0154,Nemo_Cafe__Cafe_San_Vuon,Cafe,Vietnamese,"66_Cau_Xeo,_P._Tan_Quy,",Tan_Phu,3.4,37500
TP_0155,Tuan_Huy_Quan__Diem_Tam_Sang,Bistro,Vietnamese,"62_Dam_Than_Huy,_P._Tan_Quy,",Tan_Phu,3.35,37500
TP_0156,Mr_Ho__Coffee__Tea__Hoa_Bang,Cafe,Vietnamese,61/1Nguyen_Son_P._Phu_Thanh,Tan_Phu,4.35,35000
TP_0157,Com_Tam_Phuc_Loc_Tho__Vuon_Lai,Bistro,Vietnamese,"59_Hoa_Binh,_P._Tan_Thoi_Hoa,",Tan_Phu,3.05,35000
TP_0158,Hi_End_Coffee__Tan_Son_Nhi,Cafe,Vietnamese,"56_Hoa_Bang,_P._Son_Ky,",Tan_Phu,3.7,40000
TP_0159,Banh_Trang_Trung_Cut__Shop_Online,Restaurant,Vietnamese,"5_Vuon_Lai,_P._Phu_Tho_Hoa,",Tan_Phu,4.5,25000
TP_0160,Today_Coffee__Ice_Cream,Cafe,Vietnamese,"456A_Tan_Son_Nhi,_P._Tan_Quy,",Tan_Phu,3.35,32500
TP_0161,KOI_The__AEON_Mall_Tan_Phu,Cafe,Vietnamese,"456_Tan_Son_Nhi,",Tan_Phu,3.65,85000
TP_0162,Vi_Ky__Hu_Tieu__Bo_Kho,Bistro,Vietnamese,"44_Le_Trong_Tan,_P._Tay_Thanh,",Tan_Phu,4,37500
TP_0163,Pho_Quynh__Tan_Phu,Restaurant,Vietnamese,"414/1_Tan_Ky_Tan_Quy,_Son_Ky,_Tan_Phu,_Ho_Chi_Minh,",Tan_Phu,3.75,25500
TP_0164,Ga_Ta_Que_Nha__Tan_Son_Nhi,Bistro,Vietnamese,"3A_Cay_Keo,_P._Hiep_Tan,",Tan_Phu,3.35,35000
TP_0165,Bit_Tet_Gia_Nhi,Bistro,Vietnamese,"36_Duong_Duc_Hien,_P._Tay_Thanh,",Tan_Phu,4.05,35000
TP_0166,Lau_Ga_Ot_Hiem_109__Tan_Son_Nhi,Bistro,Vietnamese,"346_Tan_Son_Nhi,",Tan_Phu,3.25,110000
TP_0167,Tuyet_Nhung__Com_Ga_Phu_Yen,Bistro,Vietnamese,"341_Au_Co,_P._Phu_Trung,",Tan_Phu,3.45,26500
TP_0168,Ong_Thuong_Food__Shop_Online__Huynh_Van_Chinh,Restaurant,Vietnamese,"340_Tan_Son_Nhi,_P._Tan_Son_Nhi,",Tan_Phu,3.9,85000
TP_0169,Nem_Nuong__Bun_Thit_Nuong_Mr._Nem__Ho_Dac_Di,Bistro,Vietnamese,"322_Tan_Son_Nhi,_P._Tan_Son_Nhi,",Tan_Phu,3.15,59500
TP_0170,Com_Ga_678,Bistro,Vietnamese,"32/2_Huynh_Van_Chinh,",Tan_Phu,3.4,22500
TP_0171,Bun_Thit_Nuong_Kieu_Bao__Le_Trong_Tan,Bistro,Vietnamese,"31_Ho_Dac_Di,_P._Tay_Thanh,",Tan_Phu,3.15,30000
TP_0172,Maddog_Saigon__Banh_Mi_Hotdog__Duong_Khue,Restaurant,Vietnamese,"30_Son_Ky,_P._Son_Ky,",Tan_Phu,4.5,25000
TP_0173,Ba_Trum_An_Vat__Com_Chay_Kho_Quet,Restaurant,Vietnamese,"266_Le_Trong_Tan,_P._Tay_Thanh,",Tan_Phu,3.4,27500
TP_0174,Chan_Ga_Xoai_Non_Sot_Thai,Restaurant,Vietnamese,"24_Duong_Khue,_P._Hiep_Tan,",Tan_Phu,4.85,50000
TP_0175,KFood__Chuyen_Mon_An_Han_Quoc,Bistro,Korean,233_Thoai_Ngoc_Hau_P._Phu_Thanh,Tan_Phu,3.5,59500
TP_0176,KokKoo_Tea__Shop_Online,Restaurant,Vietnamese,"221_Kenh_Tan_Hoa,_P._Hoa_Thanh,",Tan_Phu,4.15,30000
TP_0177,Bo_Cuoi__Nuong__Lau__Nguyen_Son,Restaurant,Vietnamese,"213/1_Khuong_Viet,_P._Phu_Trung,",Tan_Phu,3.65,135000
TP_0178,Hoi_Quan_Bia_Den_Via_He,Restaurant,Vietnamese,"200/22_Go_Dau,_P._Tan_Quy,",Tan_Phu,3.4,35000
TP_0179,Quan_Ngon__Bun_Mam__Banh_Flan,Bistro,Vietnamese,"2_Nguyen_Son,_P._Phu_Tho_Hoa,",Tan_Phu,4.45,40000
TP_0180,Hu_Tieu_Ca_Tai_Ky,Bistro,Vietnamese,"2_Nguyen_Son,",Tan_Phu,3.8,37500
TP_0181,Lai_Ky__Quan_An_A_Au__181_Thong_Nhat,Bistro,Asian,"19_Nguyen_Nhu_Lam,_P._Phu_Tho_Hoa,",Tan_Phu,3.95,52500
TP_0182,Nhu_Thao__Banh_Canh_Phan_Rang,Bistro,Vietnamese,"185A_Tan_Son_Nhi,_P._Tan_Son_Nhi,",Tan_Phu,4.45,25000
TP_0183,Nem_Nuong_Chu_Ba,Bistro,Vietnamese,"179_Thong_Nhat,_P._Tan_Thanh,",Tan_Phu,3.9,75000
TP_0184,Lady__Sua_Chua_Uong,Restaurant,Vietnamese,"167_Vuon_Lai,_P._Phu_Tho_Hoa,",Tan_Phu,4.8,30000
TP_0185,The_Town_Coffee__Events,Cafe,Vietnamese,"166A_Doc_Lap,_P._Tan_Thanh,",Tan_Phu,3.95,30000
TP_0186,Myn_Garden_Cafe,Cafe,Vietnamese,"156/74_Phu_Tho_Hoa,_P._Phu_Tho_Hoa,",Tan_Phu,4.1,32500
TP_0187,Chao_Muc_Cat_Tuong,Restaurant,Vietnamese,"15_Vuon_Lai,_P._Phu_Tho_Hoa,",Tan_Phu,4.5,32000
TP_0188,Co_Chi__Dim_Sum__An_Vat,Bistro,Vietnamese,"143_Go_Dau,_P._Tan_Quy,",Tan_Phu,3.2,21000
TP_0189,Tra_Sua_Alishan__Thach_Lam,Cafe,Taiwanese,"131_Doc_Lap,_P._Tan_Quy,",Tan_Phu,4.3,30000
TP_0190,"Ma_Bu__Banh_Trang_Lui_Tay_Nguyen,_Goi_Cuon__Bap_Xao",Bistro,Vietnamese,"13/1/3__Luong_The_Vinh,_P._Tan_Thoi_Hoa,",Tan_Phu,4.1,40000
TP_0191,Loi_Xua_Cafe,Cafe,Vietnamese,"128_Thach_Lam,_P._Phu_Thanh,",Tan_Phu,3.7,37500
TP_0192,Su_Su__Che_Thai__Trai_Cay_To,Restaurant,Vietnamese,"127/5/11_Le_Thuc_Hoach,_P._Phu_Tho_Hoa,",Tan_Phu,4.75,25000
TP_0193,Ga_Nuong_2_Huan__Tay_Thanh,Bistro,Vietnamese,"122D_Go_Dau,_P._Tan_Quy,",Tan_Phu,5,35000
TP_0194,A_Sui__Com_Tam,Bistro,Vietnamese,"12_Do_Nhuan,_P._Son_Ky,",Tan_Phu,3.4,37500
TP_0195,Today_Coffee,Restaurant,Vietnamese,"116B_Tay_Thanh,_P._Tay_Thanh,",Tan_Phu,3.3,35000
TP_0196,Pe_Nho__Bach_Tuoc__Chan_Ga_Sot_Thai_Xi_Muoi__Do_Bi,Bistro,Vietnamese,"104_Nguyen_Hau,_P._Tan_Thanh,",Tan_Phu,4.55,49000
TP_0197,Che_Chun_Quan__Shop_Online,Restaurant,Vietnamese,"101/18_Go_Dau,_P._Tan_Quy",Tan_Phu,4.05,24500
TP_0198,Pha_Lau_Sach_Ba_Khum__Go_Dau,Bistro,South,"96_Do_Bi,_P._Phu_Thanh,",Tan_Phu,3.15,22000
TP_0199,Kenshin_Tea__Tra_Sua_Dong_Gia_19k__Hoa_Binh,Cafe,Vietnamese,"53_Nguyen_Son,_P._Phu_Thanh,",Tan_Phu,3.85,19000
TP_0200,Five_Star_Vietnam__Tan_Phu,Restaurant,Vietnamese,"20K_Go_Dau,_P._Tan_Son_Nhi,",Tan_Phu,4.6,20000
TP_0201,Opla_Coffee_Take_Away,Cafe,Vietnamese,"189_Hoa_Binh,_P._Hiep_Tan,",Tan_Phu,3.8,21500
TP_0202,Banh_Cuon_Minh_Tu,Bistro,Vietnamese,"121_Nguyen_The_Truyen,_Tan_Son_Nhi,",Tan_Phu,3.4,24000
TP_0203,Com_Tam_Tu_Map__Vuon_Lai,Restaurant,Vietnamese,"8_Pham_Van,_P._Phu_Tho_Hoa,",Tan_Phu,3.85,24000
TP_0204,Tra_Sua_Tien_Huong__Luy_Ban_Bich,Cafe,Vietnamese,"57_Nguyen_Hau,_P._Tan_Thanh,",Tan_Phu,3.4,34000
TP_0205,Com_Tam_Anh_Tu,Bistro,Vietnamese,"46_Vuon_Lai,_P._Tan_Thanh,",Tan_Phu,3.2,33500
TP_0206,Otimo_Station__Tra_Sua__An_Vat,Cafe,Vietnamese,"454_Luy_Ban_Bich,_P._Hoa_Thanh,",Tan_Phu,3.65,21000
TP_0207,Tra_sua_Hongkong_RiYanCha__Le_Trong_Tan,Cafe,Asian,"43_Cay_Keo,_P._Hiep_Tan,",Tan_Phu,3.65,21000
TP_0208,Wing_Coffee__Photo,Cafe,Vietnamese,"24_Nguyen_Cuu_Dam,_P._Tan_Son_Nhi,",Tan_Phu,4.45,28000
TP_0209,Com_Tam_Mommy__Tan_Huong,Bistro,Vietnamese,"24_Nguyen_Cuu_Dam,_P._Tan_Son_Nhi,",Tan_Phu,3.4,24500
TP_0210,Com_Tam__Bun_Thi_Nuong__Bo_Bao_Tan_Thang,Bistro,Vietnamese,"17_Le_Thuc_Hoach,_P._Phu_Tho_Hoa,",Tan_Phu,4.6,18500
TP_0211,Yorn_Coffee,Cafe,Vietnamese,"118_Tan_Huong_P._Tan_Quy,",Tan_Phu,4,30500
TP_0212,Banh_Xep_789__Shop_Online,Cafe,Vietnamese,"109_Bo_Bao_Tan_Thang,",Tan_Phu,4.4,25000
TP_0213,Banh_Beo_Di_Ha,Restaurant,Vietnamese,"160_Le_Thuc_Hoach,_P._Tan_Quy,",Tan_Phu,3.75,17500
TP_0214,Miko_Cakes__Tiem_Banh_Online,Bakery,Vietnamese,"Lo_D1_Chung_Cu_Huynh_Van_Chinh_2,_P._Phu_Trung,",Tan_Phu,4,232500
TP_0215,Bamboo_Dimsum__AEON_Mall_Tan_Phu,Bistro,Chinese,"Hem_147/7_Tan_Ky_Tan_Quy,_P._Tan_Son_Nhi,",Tan_Phu,3.2,37500
TP_0216,Banh_Trang_Tron_3_Chi_Em,Restaurant,Vietnamese,"Gan_Aeon_Mall_Tan_Phu,_P._Son_Ky,",Tan_Phu,5,17500
TP_0217,Mi_Cay_The_Bon,Cafe,Vietnamese,"Floor_2, ",Tan_Phu,4.15,27500
TP_0220,Mr._Mon_Coffee__Candy_Shop__Thong_Nhat,Cafe,Vietnamese,"91_Duong_S11,_P._Tay_Thanh_(Ben_Chung_Cu),",Tan_Phu,4,22000
TP_0221,Coffee__An_Vat_Hy_Cloud,Cafe,Vietnamese,"9_Bui_Xuan_Phai,_P._Tay_Thanh,",Tan_Phu,4.4,37500
TP_0222,Banh_Duc_Nong_Singapore,Bistro,Vietnamese,"85_Hoa_Binh,_P._Tan_Thoi_Hoa,",Tan_Phu,3.75,27500
TP_0223,Chay_Vien__Quan_Chay,Restaurant,Vietnamese,7A_Nguyen_Nhu_Lam_P._Phu_Tho_Hoa,Tan_Phu,4.3,82500
TP_0224,Tau_Hu_Anh_Lun_Singapore,Restaurant,Singapore,"7_Thong_Nhat,_P._Tan_Thanh,",Tan_Phu,3.7,22500
TP_0225,Banh_Bao_Xa_Xiu,Restaurant,Vietnamese,"599_Luy_Ban_Bich,_P._Phu_Thanh,",Tan_Phu,4.05,22500
TP_0226,16_Do__Tra_Sua__Yogurt,Cafe,Vietnamese,"58/2C_Hoa_Bang,_P._Tan_Son_Nhi,",Tan_Phu,3.4,32500
TP_0227,Chao_Muc_T6,Bistro,Vietnamese,"56_Duong_So_27,_P._Son_Ky,",Tan_Phu,3.25,17500
TP_0228,Salamat__Coffee__Tea,Cafe,Vietnamese,"55/22_Nguyen_The_Truyen,_P._Tan_Son_Nhi,",Tan_Phu,4.35,32500
TP_0229,Soup_Cua_Chi_Bui__Kenh_Nuoc_Den,Bistro,Vietnamese,"519_Au_Co,_P._Phu_Trung,",Tan_Phu,3.8,77500
TP_0230,Tra_Sua_Funny__Nguyen_Son,Cafe,Vietnamese,51_Le_Thuc_Hoach_P._Phu_Tho_Hoa_,Tan_Phu,3.4,22500
TP_0231,Cetana_Cafe,Cafe,Vietnamese,"50_Duong_T6,_P._Tay_Thanh,",Tan_Phu,3.35,24000
TP_0232,KK_Cafe,Cafe,Vietnamese,"49_Le_Thuc_Hoach,_P._Phu_Tho_Hoa,",Tan_Phu,3.6,30000
TP_0233,Duc_Nhi__Bo_Bit_Tet,Bistro,Vietnamese,"49_Kenh_Nuoc_Den,_P._Tan_Thanh,",Tan_Phu,4.3,22500
TP_0234,3D_Box_Cinema_Cafe__Vuon_Lai,Cafe,Vietnamese,464_Nguyen_Son_P._Phu_Thanh,Tan_Phu,3.8,35000
TP_0235,Hot_Dog_Pho_Mai_Han_Quoc__Le_Thuc_Hoach,Restaurant,Vietnamese,"46_Pham_Van_Xao,_P._Phu_Tho_Hoa,",Tan_Phu,3.7,20000
TP_0236,Tiem_Banh_Kim__Banh_Mi_Ngot,Restaurant,Vietnamese,"45A_Hoa_Binh,",Tan_Phu,4.55,82500
TP_0237,Tra_sua_Hongkong_RiYanCha__Le_Trong_Tan,Cafe,Asian,"430_Thach_Lam,",Tan_Phu,4.15,30000
TP_0238,Tra_Sua_Hoa_Huong_Duong__Nguyen_Son,Cafe,Vietnamese,"425_Vuon_Lai,__P._Phu_Tho_Hoa,",Tan_Phu,3.4,24000
TP_0239,The_Kor_Korea_Fastfood,Restaurant,Korean,"39_Le_Thuc_Hoach,_P._Phu_Tho_Hoa,",Tan_Phu,3.45,127500
TP_0240,Tra_Sua_365__Le_Trong_Tan,Cafe,Vietnamese,"38/59_Che_Lan_Vien,_P._Tay_Thanh,",Tan_Phu,3.15,25000
TP_0241,Tra_Sua_Aloha,Cafe,Vietnamese,"30_Le_Trong_Tan,_P._Tay_Thanh,",Tan_Phu,3.7,35000
TP_0242,"Na__OI__Che,_Sam_Bo_Luong__Tra_Sua",Cafe,Vietnamese,29_Nguyen_Son_P._Phu_Thanh,Tan_Phu,3.5,22500
TP_0243,"Quan_Ngon_Tan_Phu__Bun_Mam,_Bun_Thai__Che",Bistro,Vietnamese,"289_Hien_Vuong,_P._Phu_Thanh,",Tan_Phu,4.55,24000
TP_0244,RjnCooking__An_Vat_Han_Quoc__Huynh_Van_Chinh,Cafe,Vietnamese,"278_Le_Trong_Tan,_P._Tay_Thanh,",Tan_Phu,4.55,20000
TP_0245,Quan_Tra_Luc_Vu,Cafe,Vietnamese,"26A_Le_Trong_Tan,_P._Tay_Thanh,",Tan_Phu,4.4,22500
TP_0246,Bun_Rieu__Canh_Bun__Le_Niem,Restaurant,Vietnamese,"26_Tan_Quy,_P._Tan_Quy,",Tan_Phu,4.35,17500
TP_0247,Tra_Sua_Hanako,Cafe,Vietnamese,"19_Nguyen_Nhu_Lam,_P._Phu_Tho_Hoa,",Tan_Phu,3.7,22500
TP_0248,BE_Coffee__Nguyen_Son,Cafe,Vietnamese,"18B/004_Chung_Cu_Huynh_Van_Chinh_1,_P._Phu_Trung,",Tan_Phu,3.75,25000
TP_0249,Tiem_banh_Thien_Loc,Bakery,Southeast,"17_Nguyen_Hau,",Tan_Phu,3.7,117500
TP_0250,Che_Hoang_Gia,Restaurant,Vietnamese,"16_Le_Niem,_P._Phu_Thanh,",Tan_Phu,4.35,24500
TP_0251,Tra_Sua_Non_La_Tan_Phu,Cafe,Vietnamese,"144/17_Le_Trong_Tan,_P._Tay_Thanh,",Tan_Phu,3.5,16500
TP_0252,Healthy_Food__Mon_Ngon_Phu_Quoc,Cafe,Vietnamese,"140_Nguyen_Son,",Tan_Phu,3.7,31500
TP_0253,Banh_Mi_Pizza_Tom_Tich__Sweetie_Cakes__Tiem_Banh_Online,Restaurant,Vietnamese,"106_Doc_Lap_,_P.Tan_Thanh_,",Tan_Phu,3.45,18000
TP_0254,Caribou_Coffee__Celadon_City,Cafe,Vietnamese,"549_Tan_Ky_Tan_Quy,_P._Tan_Quy,",Tan_Phu,4.35,35500
TP_0255,Khu_Vuon_Nho__Little_Garden__Coffee_Shop,Cafe,South,"305/34_Tan_Son_Nhi,_P._Tan_Son_Nhi,",Tan_Phu,3.9,23000
TP_0256,Colin_Tea_House,Restaurant,Vietnamese,"26/14_Tan_Thanh,_P._Tan_Thanh,",Tan_Phu,3.3,21000
TP_0257,Che_Dau_To,Restaurant,Vietnamese,"26/9_Phu_Tho_Hoa,_P._Phu_Tho_Hoa,",Tan_Phu,3.05,17000
TP_0258,Oggy_Foods__An_Vat__Tra_Sua__Ho_Dac_Di,Restaurant,Vietnamese,"D0.01__D0.02_Celadon_City,_36_Bo_Bao_Tan_Thang,_P._Son_Ky,",Tan_Phu,3.8,21000
TP_0259,"Cousin_Juice_Bar__Sinh_To,_Tra_Sua__An_Vat",Cafe,Vietnamese,"65_Bo_Bao_Tan_Thang,_P._Son_Ky,",Tan_Phu,4.55,31000
TP_0260,Bep_Nha_Tho__An_Vat_Online,Restaurant,Vietnamese,"49_Nguyen_Nhu_Lam,_P._Phu_Tho_Hoa,",Tan_Phu,5,23500
TP_0261,Che_Chap,Restaurant,Vietnamese,"49_Duong_D9,_P._Tay_Thanh,",Tan_Phu,3.6,21000
TP_0262,Pappa_Roti_SG__Coopmart_Hoa_Binh,Bakery,Vietnamese,"42/61/28_Ho_Dac_Di,_P._Tay_Thanh,",Tan_Phu,3.8,12000
TP_0263,Banh_Canh_Muc_Sach,Bistro,Vietnamese,"38/6A_Hoang_Ngoc_Phach,_P._Phu_Tho_Hoa,",Tan_Phu,3.9,16000
TP_0264,Bot_Chien_Tran_Phu,Restaurant,Vietnamese,"225_Le_Sao,_P._Phu_Thanh,",Tan_Phu,4.25,13500
TP_0265,Khu_An_Vat_AEON_Mall,Restaurant,Vietnamese,"218/18_Vuon_Lai,_P._Tan_Thanh,",Tan_Phu,3.6,21500
TP_0266,Chichiko__Banh_Ga_Con,Restaurant,Vietnamese,"175_Hoa_Binh,_P._Hiep_Tan,",Tan_Phu,3.45,20000
TP_0267,"Street_Food__Ga_Ran_Pizza,_Hamburger__Thach_Lam",Restaurant,Vietnamese,"168/35_Che_Lan_Vien,_P._Tay_Thanh,",Tan_Phu,4.45,105000
TP_0268,KokKoo_Tea__Shop_Online,Restaurant,Vietnamese,"11_Le_Thuc_Hoach,_P._Phu_Tho_Hoa,",Tan_Phu,4.15,6500
TP_0269,To_Nau__Tra_Sua_Thach_Nha_Lam,Restaurant,Vietnamese,Via_He_Canh_AEON_Mall,Tan_Phu,4.1,20000
TP_0270,HH_Food__Crepe__Banh_Cuon_Trung,Restaurant,Vietnamese,"Tang_2,_AEON_Mall_Tan_Phu,_30_Bo_Bao_Tan_Thang,_P._Son_Ky,",Tan_Phu,3.95,22500
TP_0271,World_Coffee,Cafe,Vietnamese,"87_Thach_Lam,_P._Hiep_Tan,",Tan_Phu,3.5,20000
TP_0272,Tra_Sua_Yuti__Duong_T6,Restaurant,Vietnamese,"78_Tan_Quy,_P._Tan_Quy,",Tan_Phu,3.95,15000
TP_0273,Funny_Beef__Spaghetti__Beefsteak__Nguyen_Son,Bistro,Vietnamese,"73/30_Do_Doc_Long,_P._Tan_Quy,",Tan_Phu,3.9,80000
TP_0274,Bep_Nho__Pho_Cuon_Ha_Noi,Bistro,Vietnamese,"71/23_Trinh_Dinh_Trong,_P._Phu_Trung,",Tan_Phu,3.4,30000
TP_0275,Banh_Mi__Xoi_Ga_56__Trinh_Dinh_Trong,Restaurant,Vietnamese,"691_Luy_Ban_Bich,",Tan_Phu,3.05,25000
TP_0276,Kami_Doll_Tea,Cafe,Vietnamese,"64_Duong_T6,_P._Tay_Thanh,",Tan_Phu,3.75,21000
TP_0277,Sua_Chua_Dr.Deo__Nguyen_Son,Cafe,Vietnamese,"62A_Nguyen_Son,_P._Phu_Tho_Hoa,",Tan_Phu,3.4,17500
TP_0278,Jecci_Mun_Food__Sua_Tuoi_Chien,Restaurant,Vietnamese,"56B_Dam_Than_Huy,_P._Tan_Quy,",Tan_Phu,3.15,25000
TP_0279,"Trung__Banh_Tam_Bi,_Ha_Cao__Xoi_Ga",Restaurant,Vietnamese,"56_Trinh_Dinh_Trong,_P._Phu_Trung,",Tan_Phu,3.8,20000
TP_0280,Mi_Cay_Shin__Tan_Quy,Bistro,Vietnamese,"55_Tan_Ky_Tan_Quy,_P._Tan_Son_Nhi,",Tan_Phu,4.05,30000
TP_0281,Banh_Trang_Lui_Sot_Mam_Me,Restaurant,Vietnamese,51_Nguyen_Son_P._Phu_Tho_Hoa,Tan_Phu,3.3,15000
TP_0282,Mi_Cay_June_Noodle_House_(Gochu)__Tan_Ky_Tan_Quy,Bistro,Vietnamese,"5/31_Nguyen_Cuu_Dam,_P._Tan_Son_Nhi,",Tan_Phu,3.25,24500
TP_0283,Lo_Dat_BBQ__Kenh_Tan_Hoa,Bistro,Vietnamese,"5_Hoang_Thieu_Hoa,",Tan_Phu,3.35,20000
TP_0284,Star_Tea__Trinh_Dinh_Trong,Cafe,Vietnamese,"48B_Tan_Quy,_P._Tan_Quy,",Tan_Phu,3.3,21500
TP_0285,Bep_Cua_Cherry__The_Gioi_An_Vat,Restaurant,Vietnamese,"43_Duong_D11,_P._Tay_Thanh,",Tan_Phu,4.2,55000
TP_0286,Ga_Ran_Deli_Chicken,Bistro,Vietnamese,"414/2_Tan_Ky_Tan_Quy,_P._Son_Ky,",Tan_Phu,3.1,27500
TP_0287,Tra_Sua_Chu_Tu__Le_Thuc_Hoach,Cafe,Vietnamese,"359_Kenh_Tan_Hoa,_P._Hoa_Thanh,",Tan_Phu,3.95,12500
TP_0288,Tra_Sua_Brother_Tea__Thoai_Ngoc_Hau,Cafe,Vietnamese,"34_Trinh_Dinh_Trong,_P._Phu_Trung,",Tan_Phu,4.45,20000
TP_0289,Xoi_Man_Minh_Hung__Doc_Lap,Restaurant,Vietnamese,"34_Nguyen_Van_To,",Tan_Phu,3.55,18000
TP_0290,Tra_Sua_Nha_Hyy__Trinh_Dinh_Trong,Restaurant,Vietnamese,"321F_Tan_Ky_Tan_Quy,_Phuong_Tan_Son_Nhi,",Tan_Phu,4.8,25000
TP_0291,Co_Kieu_Tran_Phu__Mi_Oc_Hen__Banh_Gao_Cay_Han_Quoc,Bistro,Vietnamese,"27A_Le_Thuc_Hoach,",Tan_Phu,3.2,30000
TP_0292,Sake_Kissho_Sushi__Go_Dau,Bistro,Japanese,"27/1_Thoai_Ngoc_Hau,_P._Hoa_Thanh,",Tan_Phu,3.4,25000
TP_0293,Hai_Ba_Map__Banh_Duc_Singapore,Restaurant,Singapore,"268_Doc_Lap,_P._Tan_Thanh,",Tan_Phu,3.2,12500
TP_0294,Tra_Sua_Bong_Tra__Thach_Lam,Restaurant,Vietnamese,"248_Trinh_Dinh_Trong,_P._Phu_Trung,",Tan_Phu,4.1,18500
TP_0295,N.D.Store__Hien_Vuong,Restaurant,Korean,"23_Le_Thuc_Hoach,_P._Phu_Tho_Hoa,",Tan_Phu,3.65,30000
TP_0296,Quan_An_Vat_148,Bistro,Vietnamese,20L_Go_Dau_P._Tan_Son_Nhi,Tan_Phu,3.7,21500
TP_0297,Com_Tam_Bom,Bistro,Vietnamese,"18_Le_Thuc_Hoach,_P._Phu_Tho_Hoa,",Tan_Phu,3.1,27500
TP_0298,Thanh_Nga__Goi_Cuon__Bap_Xao,Restaurant,Vietnamese,"177_Thach_Lam,_P._Phu_Thanh,",Tan_Phu,3.35,55000
TP_0299,Cubo__Banh_Trang_Lui_Tay_Nguyen__Le_Thuc_Hoach,Restaurant,Vietnamese,"15_Hien_Vuong,_P._Phu_Thanh,",Tan_Phu,4.8,55000
TP_0300,Shine_Coffee__Platinum,Cafe,Vietnamese,"148_Tran_Thu_Do,_P._Phu_Thanh,",Tan_Phu,4.05,30000
TP_0301,What_The_Shake__An_Vat__Tra_Sua,Restaurant,Vietnamese,"134_Tan_Quy,_P._Tan_Quy,",Tan_Phu,4.7,32500
TP_0302,Banh_Beo_Ba_Nam_Nu,Restaurant,Vietnamese,"127/5/9_Le_Thuc_Hoach,_P._Phu_Tho_Hoa,",Tan_Phu,4.55,15000
TP_0303,Banh_Trang_Tron__Nguyen_Xuan_Khoat,Restaurant,Vietnamese,"127/5/11_Le_Thuc_Hoach,_P._Phu_Tho_Hoa,",Tan_Phu,3.2,30000
TP_0304,Ngan_Quan__Bo_Kho_Chuan_Vi_Sai_Gon,Bistro,Vietnamese,"124_Thoai_Ngoc_Hau,_P._Phu_Thanh,",Tan_Phu,4.45,27500
TP_0305,May__Tra_Sua_Nha_Lam,Restaurant,Vietnamese,"120_Le_Trong_Tan,_P._Tay_Thanh,",Tan_Phu,3.8,17000
TP_0306,Che_Thai_Thao_Vy,Cafe,Vietnamese,"118/84_Le_Trong_Tan,_P._15,",Tan_Phu,3.4,24000
TP_0307,Food_Square_Tan_Phu,Restaurant,Vietnamese,"111_Nguyen_Xuan_Khoat,_P._Tan_Thanh,",Tan_Phu,3.7,24000
TP_0308,Mi_Cay_Shin,Bistro,Korean,"027_Lo_D,_Chung_Cu_Nhieu_Loc_C,_Vo_Cong_Ton,_P._Tan_Quy",Tan_Phu,3.25,21500
TP_0309,Doraemon_Tofu_Factory__AEON_Mall,Bakery,Japanese,"60A_Nguyen_Xuan_Khoat,_P._Tan_Thanh,",Tan_Phu,3.55,25500
TP_0310,Banh_Bao_Chien_Nuoc__Luong_The_Vinh,Restaurant,Taiwanese,6_Nguyen_Son_P._Phu_Tho_Hoa,Tan_Phu,3.35,9500
TP_0311,Five_Star_Viet_Nam__Nguyen_Xuan_Khoat,Bistro,Vietnamese,"222_Thoai_Ngoc_Hau,_P._Phu_Thanh,",Tan_Phu,4.7,26000
TP_0312,Banh_Trang_Nuong_Le_La,Restaurant,Vietnamese,"10_Le_Thuc_Hoach,_P._Phu_Tho_Hoa",Tan_Phu,3.45,13500
TP_0313,Goc_An_Vat__Tay_Thanh,Restaurant,Vietnamese,"G_Floor, Tang_Tret_AEON_Mall,_30_Bo_Bao_Tan_Thang,_P._Son_Ky,",Tan_Phu,3.8,43500
TP_0314,Thuy_Linh__Kem_Xoi_Dua_Thai_Lan,Restaurant,Vietnamese,"63_Luong_The_Vinh,_P._Tan_Thoi_Hoa,",Tan_Phu,3.2,53000
TP_0315,"102__Kem_Tuoi,_Kem_Chien__Ca_Vien_Chien",Restaurant,Vietnamese,"58_Nguyen_Xuan_Khoat,_P._Tan_Thanh,",Tan_Phu,3.4,28000
TP_0316,Pha_Lau__Banh_Flan__Kenh_Tan_Hoa,Restaurant,Vietnamese,"50/11/3_Tay_Thanh,_P._Tay_Thanh,",Tan_Phu,4.25,12500
TP_0317,Katy__An_Vat_Sach_Ngon_Sai_Gon,Restaurant,Vietnamese,"385_Tay_Thanh,_P._Tay_Thanh,",Tan_Phu,3.95,17500
TP_0318,Lau_Ly_Sai_Gon,Bistro,Vietnamese,"83B_Nguyen_Thai_Hoc,_P._Tan_Thanh,",Tan_Phu,3.7,27500
TP_0319,Be_Heo__Kem_Tuoi__Tra_Sua,Restaurant,Vietnamese,"102C5_Nguyen_Xuan_Khoat,_P._Tan_Thanh,",Tan_Phu,3.7,10000
TP_0320,Banh_Xeo_Cau_Van__Luy_Ban_Bich,Bistro,Vietnamese,"475_Kenh_Tan_Hoa,_P._Phu_Trung,",Tan_Phu,3.4,13500
TP_0321,An_Vat_Quan__Ca_Vien_Chien__To_Hieu,Bistro,Vietnamese,"27_Le_Cao_Lang,_P._Phu_Thanh,",Tan_Phu,4.65,21500
TP_0322,An_Vat_Ngoc_Nga,Restaurant,Vietnamese,"252_Tay_Thanh,_P._Tay_Thanh,",Tan_Phu,4.15,12500
TP_0323,"Kem_Tuoi,_Kem_Chien__Ca_Vien_Chien__Nguyen_Xuan_Khoat",Restaurant,Vietnamese,"239/24_Tan_Quy,_P._Tan_Quy,",Tan_Phu,3.5,8500
TP_0324,"Thien_Bao__Com_Trua,_Bun_Mam__Chao_Long",Bistro,Vietnamese,211_Luy_Ban_Bich_P._Hiep_Tan,Tan_Phu,4.7,35500
TP_0325,Quan_Anh_Hiep__Dac_San_Mien_Trung,Restaurant,Vietnamese,"162_To_Hieu,_P._Hiep_Tan,",Tan_Phu,3.85,21500
TP_0326,Banh_Takoyaki_Nhat_Ban__Thoai_Ngoc_Hau,Restaurant,Japanese,"108A_Tran_Quang_Qua,",Tan_Phu,3.75,7500
TP_0327,Co_Tien_Xanh__Banh_Trang,Restaurant,Vietnamese,"102C3_Nguyen_Xuan_Khoat,_P._Tan_Thanh,",Tan_Phu,4.6,126500
TP_0328,Sushi_Vien_1K__The_Moon,Bistro,Japanese,"243_Khuong_Viet,_P._Phu_Trung,",Tan_Phu,3,5500
TP_0329,Bun_Dau_Mam_Tom__Vuon_Lai,Bistro,Vietnamese,"383A_Tay_Thanh,_P._Tay_Thanh,",Tan_Phu,3.2,28000
TP_0328,Sushi_Vien_1K_-_The_Moon,Bistro,Japanese,"243_Khuong_Viet,_P._Phu_Trung,",Tan_Phu,3,5500
TP_0329,Bun_Dau_Mam_Tom_-_Vuon_Lai,Bistro,Vietnamese,"383A_Tay_Thanh,_P._Tay_Thanh,",Tan_Phu,3.2,28000
